kaptCode,schul_nm,schul_dstnc
A11034001,서울교동초등학교,119
A10020992,서울교동초등학교,83
A11041001,서울효제초등학교,256
A10027162,서울효제초등학교,79
A10023586,서울효제초등학교,198
A10023741,서울혜화초등학교,240
A11052201,서울혜화초등학교,242
A11076701,서울혜화초등학교,235
A10021626,서울창신초등학교,110
A11054101,서울창신초등학교,45
A11054301,서울명신초등학교,1
A11077101,서울명신초등학교,74
A11087601,서울창신초등학교,161
A11087602,서울명신초등학교,41
A10027118,서울독립문초등학교,323
A10026940,서울독립문초등학교,188
A10026946,서울독립문초등학교,257
A10025710,서울독립문초등학교,0
A11081302,서울독립문초등학교,216
A11081503,서울독립문초등학교,1
A10088102,서울남산초등학교,315
A10072501,서울남산초등학교,204
A10071301,서울충무초등학교,260
A10025223,서울충무초등학교,117
A10026849,서울충무초등학교,110
A10024327,서울충무초등학교,276
A10021020,서울신당초등학교,120
A10025372,서울신당초등학교,40
A10045001,서울흥인초등학교,365
A10045002,서울흥인초등학교,69
A10045301,서울동호초등학교,51
A10045302,서울동호초등학교,51
A10045401,서울청구초등학교,117
A10045402,서울청구초등학교,168
A10045403,서울청구초등학교,117
A10045404,서울청구초등학교,168
A10078102,서울흥인초등학교,212
A10078901,서울신당초등학교,53
A10095501,서울광희초등학교,108
A10095502,서울광희초등학교,63
A10024801,서울신당초등학교,239
A10086801,서울신당초등학교,199
A10023788,서울봉래초등학교,255
A10085903,서울봉래초등학교,60
A10095301,서울미동초등학교,212
A10080701,서울봉래초등학교,106
A10026517,서울봉래초등학교,61
A10026881,서울봉래초등학교,4
A14019001,서울삼광초등학교,390
A14070901,서울삼광초등학교,354
A14070301,서울용산초등학교,389
A14070302,서울용산초등학교,384
A14006001,서울원효초등학교,77
A14004001,서울원효초등학교,7
A14004002,서울원효초등학교,8
A10023464,서울원효초등학교,277
A14005001,서울원효초등학교,258
A10022232,서울원효초등학교,358
A14085002,서울원효초등학교,297
A14085101,서울원효초등학교,273
A10025898,서울금양초등학교,2
A14074101,서울금양초등학교,121
A14074102,서울금양초등학교,198
A14007002,서울금양초등학교,282
A14083101,서울금양초등학교,358
A10027901,서울용산초등학교,324
A14010001,서울용산초등학교,283
A14010002,서울용산초등학교,309
A14010003,서울용산초등학교,201
A14009001,서울남정초등학교,18
A14001101,서울용산초등학교,123
A14075201,서울용산초등학교,54
A10023195,서울용산초등학교,102
A10024333,서울용산초등학교,1
A10026719,서울한강초등학교,334
A14001201,서울용산초등학교,333
A10025626,서울한강초등학교,146
A14001303,서울한강초등학교,237
A14074501,서울한강초등학교,364
A14088201,서울한강초등학교,355
A14088302,서울한강초등학교,227
A14003002,서울신용산초등학교,198
A14003003,서울신용산초등학교,24
A14003007,서울신용산초등학교,253
A14003104,서울신용산초등학교,132
A14003106,서울신용산초등학교,4
A14072702,서울신용산초등학교,4
A14077401,서울신용산초등학교,190
A10027425,서울용암초등학교,156
A14086001,서울보광초등학교,121
A14086101,서울용암초등학교,302
A14077902,서울한남초등학교,211
A10022221,서울서빙고초등학교,53
A14024001,서울서빙고초등학교,29
A13373301,서울숭신초등학교,162
A13373302,서울숭신초등학교,162
A10026900,서울무학초등학교,330
A10027289,서울숭신초등학교,53
A10027432,서울무학초등학교,188
A10027454,서울숭신초등학교,194
A10027920,서울숭신초등학교,0
A10027969,서울숭신초등학교,0
A13302001,서울동명초등학교,107
A13302201,서울무학초등학교,115
A13302203,서울금북초등학교,10
A13302204,서울무학초등학교,183
A13302206,서울금북초등학교,59
A13385705,서울무학초등학교,0
A13385802,서울무학초등학교,111
A13388001,서울동명초등학교,107
A10024762,서울동명초등학교,298
A13370801,서울동명초등학교,334
A13305002,서울마장초등학교,197
A13305003,서울마장초등학교,23
A13305005,서울마장초등학교,335
A13305006,서울마장초등학교,193
A13305007,서울사근초등학교,186
A13381601,서울마장초등학교,318
A13381608,서울마장초등학교,0
A10022058,서울사근초등학교,198
A13381701,서울사근초등학교,8
A10025686,서울행당초등학교,104
A10026207,서울행당초등학교,211
A13307002,서울행당초등학교,49
A13307101,서울행당초등학교,292
A13307201,서울행현초등학교,12
A13307202,서울행당초등학교,37
A13307204,서울행현초등학교,0
A13377703,서울행현초등학교,24
A13377901,서울행당초등학교,104
A13377902,서울행현초등학교,0
A13386702,서울행당초등학교,3
A13308004,서울응봉초등학교,115
A13308005,서울응봉초등학교,8
A13376906,서울응봉초등학교,34
A13385202,서울응봉초등학교,117
A13385301,서울응봉초등학교,168
A13385303,서울응봉초등학교,268
A10026418,서울금북초등학교,365
A13309101,서울금북초등학교,53
A13309102,서울옥수초등학교,349
A13380104,서울금북초등학교,155
A10027602,서울금호초등학교,113
A13380301,서울금호초등학교,38
A13380302,서울금호초등학교,230
A13309301,서울금호초등학교,145
A13379001,서울금호초등학교,77
A13380602,서울금호초등학교,113
A13380703,서울금호초등학교,231
A10023252,서울금옥초등학교,210
A10026470,서울옥수초등학교,187
A13309402,서울금옥초등학교,50
A13309404,서울옥수초등학교,0
A13378102,서울옥수초등학교,8
A13380803,서울옥수초등학교,0
A13380901,서울금옥초등학교,80
A10026748,서울동호초등학교,2
A13310004,서울옥정초등학교,217
A13375901,서울옥정초등학교,61
A13375902,서울옥정초등학교,1
A13375903,서울옥정초등학교,186
A13375904,서울옥정초등학교,7
A13375906,서울옥정초등학교,99
A13375907,서울금옥초등학교,163
A13375909,서울옥정초등학교,106
A13376702,서울옥정초등학교,122
A13383801,서울옥정초등학교,7
A13384403,서울옥정초등학교,292
A10021528,서울경일초등학교,218
A10026988,서울경일초등학교,97
A13311101,서울경동초등학교,7
A13376405,서울경일초등학교,8
A13381902,서울경동초등학교,164
A13382104,서울경일초등학교,84
A13382106,서울경동초등학교,242
A13384301,서울경동초등학교,166
A13384303,서울경동초등학교,387
A13392307,서울경일초등학교,7
A10020852,서울경수초등학교,357
A10021167,서울성수초등학교,290
A10021449,서울경수초등학교,359
A10021638,서울성수초등학교,114
A10022325,서울경동초등학교,155
A10023316,서울경수초등학교,8
A10025101,서울경수초등학교,115
A13312101,서울경수초등학교,117
A13378001,서울경동초등학교,19
A13316001,서울송원초등학교,6
A13383702,서울송원초등학교,81
A10022175,서울용답초등학교,215
A10020402,서울중마초등학교,69
A14322001,서울용곡초등학교,158
A10021381,서울광진초등학교,18
A10023951,서울구의초등학교,6
A10024667,서울구남초등학교,60
A10025573,서울구남초등학교,167
A10025985,서울광진초등학교,73
A10026874,서울구남초등학교,166
A14320001,서울구남초등학교,6
A14320002,서울구남초등학교,23
A14320003,서울구남초등학교,264
A14320302,서울구남초등학교,61
A14320304,서울구남초등학교,284
A14382101,서울구남초등학교,305
A14383203,서울구남초등학교,143
A14383205,서울구남초등학교,170
A10024751,서울양진초등학교,196
A10026162,서울광남초등학교,72
A14375301,서울양진초등학교,10
A14375303,서울광장초등학교,279
A14380211,서울광장초등학교,300
A14380409,서울광남초등학교,128
A14380414,서울광남초등학교,128
A14380605,서울광장초등학교,185
A14381415,서울광남초등학교,20
A14381504,서울양진초등학교,250
A14381506,서울광남초등학교,96
A14381508,서울양진초등학교,85
A14381510,서울광남초등학교,73
A14381512,서울광남초등학교,1
A14381513,서울양진초등학교,116
A14381516,서울양진초등학교,105
A10022137,서울동자초등학교,276
A10022362,서울신양초등학교,8
A10022641,서울동자초등학교,249
A10024132,서울동자초등학교,359
A10024154,서울동자초등학교,286
A10024965,서울성자초등학교,16
A10026399,서울신양초등학교,280
A10026720,서울자양초등학교,79
A14319001,서울성자초등학교,131
A14319002,서울신양초등학교,299
A14319003,서울성자초등학교,253
A14319005,서울신양초등학교,162
A14319006,서울신양초등학교,10
A14319007,서울동자초등학교,24
A14319008,서울동자초등학교,347
A14319009,서울성자초등학교,255
A14319010,서울신양초등학교,250
A14319011,서울동자초등학교,3
A14319012,서울동자초등학교,168
A14319013,서울신양초등학교,197
A14319015,서울자양초등학교,238
A14319201,서울양남초등학교,283
A14319203,서울신자초등학교,211
A14319204,서울성자초등학교,293
A14319301,서울동자초등학교,146
A14319302,서울신양초등학교,273
A14319303,서울신양초등학교,7
A14319305,서울신양초등학교,243
A14319306,서울신양초등학교,80
A14319307,서울동자초등학교,172
A14319311,서울동자초등학교,148
A14375801,서울동자초등학교,206
A14376501,서울성자초등학교,296
A14377402,서울신양초등학교,132
A14386109,서울동자초등학교,21
A14386110,서울동자초등학교,43
A14386802,서울신자초등학교,209
A14387605,서울양남초등학교,8
A14388204,서울신양초등학교,55
A14388208,서울신양초등학교,184
A10021996,서울장안초등학교,226
A10025404,서울장안초등학교,190
A14313001,서울성수초등학교,90
A10022248,서울장안초등학교,89
A10028012,서울장안초등학교,62
A14383901,서울장안초등학교,0
A10027274,서울용두초등학교,263
A10028080,서울종암초등학교,171
A13007004,서울용두초등학교,281
A13006003,서울종암초등학교,78
A13006101,서울홍파초등학교,122
A13086101,서울종암초등학교,45
A10020757,서울전동초등학교,191
A13002002,서울전동초등학교,0
A13084803,서울배봉초등학교,42
A13084804,서울전동초등학교,39
A13085301,서울전곡초등학교,0
A13085901,서울신답초등학교,182
A10022046,서울전농초등학교,271
A10022258,서울전동초등학교,270
A10023891,서울답십리초등학교,366
A10026779,서울답십리초등학교,152
A10027089,서울답십리초등학교,175
A10028042,서울답십리초등학교,168
A13003002,서울답십리초등학교,398
A13003003,서울답십리초등학교,202
A13003005,서울신답초등학교,100
A13003007,서울답십리초등학교,94
A13003201,서울답십리초등학교,323
A13003202,서울전동초등학교,301
A13003402,서울동답초등학교,64
A13003404,서울배봉초등학교,313
A13003405,서울동답초등학교,41
A13003406,서울동답초등학교,198
A13075402,서울배봉초등학교,272
A13075403,서울전동초등학교,301
A13080201,서울전농초등학교,28
A13080702,서울신답초등학교,111
A13080801,서울동답초등학교,0
A10021037,서울안평초등학교,29
A10021586,서울장평초등학교,274
A10021838,서울안평초등학교,153
A10021855,서울안평초등학교,152
A10022117,서울군자초등학교,240
A10022452,서울장평초등학교,6
A10023253,서울군자초등학교,115
A10024892,서울동답초등학교,195
A10025509,서울안평초등학교,280
A13010001,서울안평초등학교,173
A13010002,서울동답초등학교,395
A13010003,서울배봉초등학교,116
A13010004,서울장평초등학교,133
A13010005,서울장평초등학교,10
A13010006,서울안평초등학교,197
A13078701,서울군자초등학교,85
A13084101,서울안평초등학교,0
A13084701,서울배봉초등학교,379
A13086704,서울홍릉초등학교,172
A10023539,서울청량초등학교,43
A13070101,서울청량초등학교,179
A13087201,서울청량초등학교,272
A10024244,서울휘봉초등학교,1
A10027101,서울휘경초등학교,59
A13009002,서울휘봉초등학교,172
A13009003,서울휘봉초등학교,399
A13009202,서울휘봉초등학교,358
A13009206,서울휘봉초등학교,37
A13078301,서울휘봉초등학교,390
A13087401,서울휘봉초등학교,111
A13087407,서울휘봉초등학교,172
A10024594,서울석계초등학교,348
A13008001,서울이문초등학교,40
A13082704,서울이문초등학교,230
A13082805,서울이문초등학교,64
A13083102,서울청량초등학교,223
A10021891,서울중목초등학교,184
A10023606,서울면동초등학교,349
A10023835,서울면동초등학교,158
A10024366,서울중랑초등학교,252
A10024443,서울중곡초등학교,124
A10024741,서울면동초등학교,292
A10028033,서울중곡초등학교,242
A13120001,서울면동초등학교,167
A13120003,서울중곡초등학교,354
A13120403,서울중곡초등학교,177
A13120701,서울면남초등학교,161
A13120704,서울면남초등학교,0
A13175101,서울중랑초등학교,185
A13175102,서울중랑초등학교,28
A13175103,서울중랑초등학교,9
A13177701,서울중곡초등학교,239
A13177702,서울중곡초등학교,282
A13183405,서울면남초등학교,64
A13183502,서울중곡초등학교,273
A13183504,서울중곡초등학교,182
A13183701,서울면목초등학교,171
A13184208,서울면남초등학교,83
A13184301,서울중랑초등학교,168
A13184401,서울면남초등학교,0
A13184502,서울면남초등학교,113
A13122001,서울중화초등학교,163
A13122104,서울중화초등학교,10
A13185603,서울중화초등학교,7
A13185607,서울중화초등학교,78
A13186305,서울신현초등학교,225
A13186306,서울신현초등학교,28
A13186401,서울중화초등학교,8
A10026046,서울묵동초등학교,70
A13187501,서울묵동초등학교,90
A13187702,서울상봉초등학교,5
A10023285,서울묵현초등학교,346
A10025187,서울원묵초등학교,65
A10025855,서울원묵초등학교,159
A13114002,서울묵현초등학교,12
A13114003,서울묵동초등학교,150
A13114201,서울묵현초등학교,391
A13184609,서울원묵초등학교,0
A13184610,서울원묵초등학교,20
A13184804,서울공릉초등학교,242
A13185501,서울원묵초등학교,213
A13185508,서울원묵초등학교,154
A10020869,서울동원초등학교,34
A10020968,서울동원초등학교,171
A10021794,서울망우초등학교,71
A10023816,서울양원숲초등학교,28
A10023952,서울양원숲초등학교,187
A10024214,서울양원숲초등학교,225
A13123001,서울면북초등학교,221
A13123002,서울동원초등학교,149
A13123003,서울망우초등학교,324
A13123004,서울망우초등학교,176
A13123101,서울망우초등학교,369
A13123102,서울동원초등학교,295
A13176102,서울동원초등학교,347
A10022836,서울새솔초등학교,35
A10025397,서울새솔초등학교,81
A10027297,서울중화초등학교,69
A13113001,서울중화초등학교,261
A13113002,서울신내초등학교,5
A13113003,서울신현초등학교,156
A13113004,서울신현초등학교,171
A13113006,서울중화초등학교,95
A13113007,서울새솔초등학교,120
A13113008,서울새솔초등학교,211
A13176901,서울봉화초등학교,20
A13176902,서울봉화초등학교,84
A13178102,서울신내초등학교,102
A13186502,서울신내초등학교,115
A13186503,서울신내초등학교,28
A13186504,서울신내초등학교,14
A13186708,서울신현초등학교,378
A13186801,서울중화초등학교,221
A13186905,서울신내초등학교,22
A13186907,서울신내초등학교,27
A13187004,서울중화초등학교,8
A13187201,서울봉화초등학교,84
A13187203,서울봉화초등학교,0
A13187302,서울신현초등학교,46
A13187305,서울봉화초등학교,84
A13187306,서울신현초등학교,208
A13187406,서울신내초등학교,29
A10025140,서울정덕초등학교,6
A10027227,서울정덕초등학교,5
A10028001,서울개운초등학교,299
A13606002,서울정덕초등학교,185
A13606003,서울정덕초등학교,199
A13606004,서울돈암초등학교,25
A13606005,서울돈암초등학교,25
A13606102,서울개운초등학교,43
A13606107,서울개운초등학교,234
A13606201,서울정덕초등학교,203
A13679902,서울정덕초등학교,67
A13679903,서울정덕초등학교,90
A13681303,서울개운초등학교,0
A13681304,서울개운초등학교,165
A13603401,서울돈암초등학교,101
A13603501,서울돈암초등학교,119
A13603702,서울정덕초등학교,30
A13672101,서울삼선초등학교,118
A13672102,서울명신초등학교,1
A13604301,서울삼선초등학교,47
A13670801,서울삼선초등학교,10
A13604401,서울삼선초등학교,266
A13607101,서울안암초등학교,81
A13608401,서울동신초등학교,290
A13608601,서울동신초등학교,0
A10023669,서울안암초등학교,162
A13608301,서울동신초등학교,131
A10024056,서울정릉초등학교,387
A10028000,서울정수초등학교,276
A13610001,서울정덕초등학교,363
A13610004,서울정릉초등학교,318
A13610007,서울정릉초등학교,14
A13610102,서울숭덕초등학교,262
A13610103,서울숭덕초등학교,74
A13610107,서울숭덕초등학교,120
A13610201,서울정수초등학교,124
A13610202,서울정수초등학교,141
A13676504,서울정덕초등학교,249
A13676605,서울숭덕초등학교,200
A13676702,서울정릉초등학교,99
A13676704,서울정릉초등학교,301
A13677206,서울숭덕초등학교,258
A13677807,서울정덕초등학교,292
A13684306,서울정수초등학교,0
A13684605,서울숭덕초등학교,205
A13684701,서울정릉초등학교,200
A13685104,서울정수초등학교,61
A10023926,서울숭곡초등학교,296
A10025638,서울숭곡초등학교,266
A13606006,서울길원초등학교,217
A13611004,서울개운초등학교,200
A13611005,서울미아초등학교,169
A13611006,서울길음초등학교,4
A13611007,서울길원초등학교,60
A13611008,서울길원초등학교,0
A13611011,서울숭덕초등학교,266
A13611103,서울미아초등학교,366
A13611201,서울미아초등학교,7
A13611202,서울미아초등학교,57
A13679403,서울길원초등학교,69
A13680701,서울길음초등학교,11
A13671203,서울숭례초등학교,11
A13671204,서울숭례초등학교,123
A13671205,서울일신초등학교,163
A13671206,서울개운초등학교,12
A13671207,서울숭례초등학교,21
A13671208,서울숭례초등학교,392
A13671209,서울일신초등학교,23
A13686302,서울개운초등학교,54
A10021241,서울일신초등학교,170
A10022464,서울숭곡초등학교,236
A10023322,서울숭곡초등학교,216
A13613001,서울숭곡초등학교,236
A13613004,서울숭곡초등학교,177
A13613005,서울숭곡초등학교,360
A13613006,서울일신초등학교,78
A13613007,서울숭인초등학교,0
A13613008,서울숭인초등학교,13
A13613009,서울숭인초등학교,13
A13613011,서울숭곡초등학교,223
A13613201,서울일신초등학교,154
A13612001,서울월곡초등학교,284
A13612002,서울월곡초등학교,9
A10022357,서울석관초등학교,74
A10023569,서울선곡초등학교,78
A10024702,서울장위초등학교,371
A10026571,서울장월초등학교,126
A13614001,서울장월초등학교,13
A13614301,서울장월초등학교,0
A13614302,서울장월초등학교,138
A13615002,서울석계초등학교,325
A13615003,서울석계초등학교,142
A13676101,서울석관초등학교,284
A13676102,서울석관초등학교,284
A10021213,서울화계초등학교,229
A10022183,서울화계초등학교,191
A10023829,서울송중초등학교,166
A10024034,서울수유초등학교,395
A10025241,서울송중초등학교,150
A10026947,서울송중초등학교,267
A14210002,서울길음초등학교,5
A14272303,서울송중초등학교,365
A14272304,서울삼각산초등학교,0
A14272305,서울미양초등학교,36
A14272306,서울송중초등학교,252
A14272307,서울수유초등학교,359
A14272308,서울송천초등학교,64
A14272309,서울송천초등학교,63
A14272313,서울송천초등학교,178
A14272314,서울미양초등학교,220
A14277601,서울삼양초등학교,238
A14280502,서울송천초등학교,120
A14281701,서울송천초등학교,74
A14282301,서울수유초등학교,101
A14206001,서울수송초등학교,353
A14206002,서울번동초등학교,359
A14206003,서울오현초등학교,0
A14206004,서울수송초등학교,22
A14206202,서울번동초등학교,20
A14206302,서울오현초등학교,122
A14206303,서울번동초등학교,129
A14206306,서울오현초등학교,336
A14206307,서울번동초등학교,173
A14206310,서울오현초등학교,233
A14270301,서울수송초등학교,38
A14276311,서울번동초등학교,0
A14286108,서울번동초등학교,244
A14286203,서울번동초등학교,363
A10021929,서울우이초등학교,271
A14207203,서울우이초등학교,271
A14278101,서울인수초등학교,49
A14209001,서울백운초등학교,188
A10021859,서울쌍문초등학교,130
A10022118,서울창경초등학교,220
A10022967,서울가인초등학교,399
A10023732,서울백운초등학교,310
A10023827,서울가인초등학교,255
A10024827,서울숭미초등학교,7
A10026175,서울쌍문초등학교,77
A13203001,서울백운초등학교,2
A13203102,서울숭미초등학교,0
A13203202,서울창경초등학교,269
A13203302,서울쌍문초등학교,258
A13203303,서울숭미초등학교,397
A13203401,서울숭미초등학교,21
A13203408,서울창경초등학교,181
A13286002,서울창경초등학교,377
A13286105,서울창경초등학교,131
A13286106,서울신학초등학교,269
A13286107,서울창경초등학교,300
A13286109,서울창경초등학교,257
A13286110,서울창경초등학교,133
A13286203,서울창경초등학교,17
A13286304,서울창경초등학교,12
A13286904,서울창경초등학교,7
A13287503,서울쌍문초등학교,168
A13287801,서울쌍문초등학교,216
A13295201,서울숭미초등학교,247
A10026279,서울창도초등학교,365
A10026856,서울신방학초등학교,268
A10027555,서울방학초등학교,150
A13202002,서울창도초등학교,18
A13202102,서울방학초등학교,233
A13202103,서울창도초등학교,277
A13202302,서울신방학초등학교,161
A13202304,서울신방학초등학교,215
A13202308,서울방학초등학교,151
A13202312,서울신학초등학교,0
A13272101,서울창도초등학교,390
A13276414,서울신학초등학교,73
A13276415,서울초당초등학교,185
A13276416,서울초당초등학교,8
A13282510,서울초당초등학교,21
A13283405,서울신학초등학교,100
A13283611,서울초당초등학교,8
A13285401,서울창도초등학교,355
A13285406,서울창도초등학교,234
A13285503,서울신방학초등학교,16
A13285507,서울신방학초등학교,168
A13285601,서울신방학초등학교,144
A10024782,서울신창초등학교,219
A10026109,서울창일초등학교,174
A13201003,서울창원초등학교,389
A13204001,서울창동초등학교,54
A13204002,서울창동초등학교,30
A13204003,서울신화초등학교,24
A13204103,서울창일초등학교,25
A13204104,서울창일초등학교,7
A13204105,서울창일초등학교,158
A13204201,서울수송초등학교,108
A13204203,서울수송초등학교,327
A13204204,서울창림초등학교,113
A13204301,서울신화초등학교,37
A13204302,서울신창초등학교,305
A13204402,서울자운초등학교,11
A13204404,서울자운초등학교,175
A13204406,서울자운초등학교,12
A13204408,서울월천초등학교,196
A13204409,서울자운초등학교,0
A13204501,서울가인초등학교,99
A13204502,서울창동초등학교,74
A13204503,서울창동초등학교,231
A13204505,서울창동초등학교,97
A13204506,서울창동초등학교,13
A13204507,서울창동초등학교,81
A13204508,서울창원초등학교,21
A13204510,서울가인초등학교,21
A13272201,서울창일초등학교,43
A13275001,서울수송초등학교,255
A13290003,서울월천초등학교,274
A13290105,서울월천초등학교,2
A13290107,서울월천초등학교,6
A13290404,서울창동초등학교,181
A13290809,서울창원초등학교,5
A13292701,서울자운초등학교,307
A10026714,서울누원초등학교,182
A13201002,서울누원초등학교,254
A13201202,서울누원초등학교,23
A13201203,서울누원초등학교,323
A13201209,서울누원초등학교,7
A13275301,서울누원초등학교,230
A13275303,서울누원초등학교,143
A13280104,서울누원초등학교,371
A13281802,서울도봉초등학교,397
A10021254,서울선곡초등학교,309
A10024636,서울선곡초등학교,220
A10024812,서울한천초등학교,359
A13905003,서울한천초등학교,288
A13905101,서울선곡초등학교,387
A13905102,서울선곡초등학교,281
A13905105,서울선곡초등학교,250
A13905202,서울신화초등학교,92
A13905204,서울신화초등학교,153
A13905208,서울신화초등학교,9
A13905301,서울한천초등학교,326
A13905302,서울녹천초등학교,0
A13984003,서울녹천초등학교,62
A13984004,서울한천초등학교,2
A13984005,서울한천초등학교,0
A13984409,서울연지초등학교,0
A13984411,서울연지초등학교,20
A13984603,서울선곡초등학교,64
A13984604,서울선곡초등학교,123
A13984813,서울신계초등학교,5
A13984814,서울신계초등학교,5
A13985103,서울신계초등학교,227
A13985105,서울신계초등학교,167
A13985106,서울신계초등학교,387
A13985107,서울신계초등학교,66
A13985201,서울월계초등학교,385
A13987501,서울선곡초등학교,380
A13987502,서울연지초등학교,355
A13987503,서울선곡초등학교,372
A13991016,서울연지초등학교,98
A13991017,서울신화초등학교,172
A13991018,서울월계초등학교,19
A13995602,서울녹천초등학교,141
A10022152,서울공연초등학교,103
A10023478,서울공릉초등학교,90
A10023990,서울공릉초등학교,38
A10023991,서울태릉초등학교,248
A10026289,서울공연초등학교,162
A10027622,서울공릉초등학교,59
A13924003,서울공연초등학교,367
A13924205,서울공연초등학교,266
A13974401,서울공릉초등학교,242
A13980004,서울태릉초등학교,21
A13980006,서울태릉초등학교,12
A13980009,서울태릉초등학교,78
A13980010,서울태랑초등학교,163
A13980012,서울태랑초등학교,124
A13980014,서울태랑초등학교,199
A13980017,서울태랑초등학교,161
A13980018,서울태랑초등학교,122
A13980019,서울태릉초등학교,14
A13980102,서울공연초등학교,6
A13980105,서울용원초등학교,202
A13980107,서울용원초등학교,45
A13980108,서울공연초등학교,122
A13980401,서울태릉초등학교,304
A13980402,서울공연초등학교,157
A13980407,서울태랑초등학교,398
A13980411,서울공연초등학교,138
A13980413,서울태릉초등학교,238
A13980415,서울태릉초등학교,337
A13980509,서울공연초등학교,221
A13980510,서울용원초등학교,82
A13980511,서울용원초등학교,25
A13980512,서울용원초등학교,0
A13980513,서울용원초등학교,21
A13980706,서울공릉초등학교,155
A13980801,서울공릉초등학교,57
A13980803,서울공릉초등학교,129
A13994501,서울공연초등학교,143
A13923102,서울연촌초등학교,346
A13923103,서울용동초등학교,189
A13923104,서울연촌초등학교,165
A13923106,서울용동초등학교,225
A13923108,서울연촌초등학교,99
A13977913,서울용동초등학교,213
A13987205,서울연촌초등학교,297
A13987302,서울중현초등학교,3
A13987303,서울중평초등학교,21
A13987304,서울중현초등학교,21
A13987305,서울중현초등학교,192
A13987306,서울중평초등학교,13
A13993503,서울용동초등학교,189
A10020593,서울노일초등학교,283
A10020986,서울상계초등학교,187
A10021185,서울상계초등학교,250
A10024434,서울노일초등학교,396
A10024547,서울상곡초등학교,12
A10024770,서울노일초등학교,266
A10024778,서울노일초등학교,219
A10027533,서울노원초등학교,313
A10027601,서울상천초등학교,224
A13920001,서울노원초등학교,60
A13920102,서울노원초등학교,176
A13920104,서울노원초등학교,136
A13920105,서울노원초등학교,77
A13920106,서울노원초등학교,357
A13920205,서울중계초등학교,296
A13920209,서울상계초등학교,388
A13920501,서울온곡초등학교,155
A13920506,서울계상초등학교,266
A13920703,서울상수초등학교,20
A13920706,서울상수초등학교,210
A13920707,서울상수초등학교,114
A13920802,서울상경초등학교,0
A13920803,서울상경초등학교,0
A13920804,서울동일초등학교,20
A13921005,서울상곡초등학교,21
A13971501,서울상천초등학교,126
A13971502,서울당현초등학교,347
A13973201,서울상계초등학교,60
A13973202,서울상계초등학교,250
A13974101,서울수락초등학교,51
A13974102,서울수락초등학교,160
A13974103,서울수락초등학교,35
A13981006,서울덕암초등학교,348
A13981208,서울덕암초등학교,7
A13981304,서울계상초등학교,174
A13981402,서울덕암초등학교,9
A13981405,서울덕암초등학교,263
A13981407,서울계상초등학교,394
A13981604,서울상계초등학교,107
A13981606,서울중계초등학교,70
A13981608,서울상계초등학교,94
A13981901,서울상원초등학교,13
A13981903,서울상원초등학교,20
A13982002,서울온곡초등학교,58
A13982003,서울온곡초등학교,20
A13982005,서울계상초등학교,34
A13982101,서울상계초등학교,49
A13982103,서울중계초등학교,130
A13982202,서울상원초등학교,0
A13982301,서울동일초등학교,1
A13982604,서울온곡초등학교,1
A13982701,서울상월초등학교,129
A13982702,서울상월초등학교,10
A13982704,서울상월초등학교,349
A13983004,서울당현초등학교,2
A13983101,서울상천초등학교,372
A13983105,서울상천초등학교,136
A13983608,서울노원초등학교,5
A13983707,서울노일초등학교,85
A13983709,서울노일초등학교,295
A13983712,서울노일초등학교,68
A13983713,서울노일초등학교,315
A13983801,서울노원초등학교,237
A13983803,서울노일초등학교,264
A13983810,서울수락초등학교,391
A13983811,서울수락초등학교,138
A13983815,서울수락초등학교,302
A13983816,서울수락초등학교,129
A13989701,서울덕암초등학교,8
A13994302,서울상수초등학교,112
A10022333,서울중계초등학교,165
A10023027,서울중계초등학교,164
A13922002,서울수암초등학교,8
A13922102,서울을지초등학교,41
A13922103,서울원광초등학교,41
A13922108,서울을지초등학교,86
A13922110,서울원광초등학교,112
A13922111,서울을지초등학교,352
A13922114,서울원광초등학교,1
A13922406,서울원광초등학교,52
A13922901,서울불암초등학교,349
A13922903,서울수암초등학교,171
A13922904,서울수암초등학교,8
A13922905,서울수암초등학교,8
A13922907,서울불암초등학교,56
A13922908,서울불암초등학교,164
A13922909,서울불암초등학교,187
A13922910,서울수암초등학교,71
A13972601,서울청계초등학교,116
A13972602,서울청계초등학교,20
A13972603,서울용동초등학교,21
A13985402,서울수암초등학교,135
A13985605,서울중계초등학교,215
A13985904,서울중계초등학교,19
A13985907,서울중계초등학교,10
A13985908,서울원광초등학교,149
A13985909,서울중계초등학교,254
A13986004,서울을지초등학교,169
A13986009,서울을지초등학교,266
A13986012,서울을지초등학교,1
A13986013,서울을지초등학교,75
A13986111,서울불암초등학교,0
A13986201,서울원광초등학교,104
A13986302,서울중평초등학교,20
A13986306,서울중원초등학교,14
A13986504,서울청계초등학교,12
A13986505,서울청계초등학교,146
A13986509,서울청계초등학교,164
A13986606,서울을지초등학교,93
A13986701,서울중계초등학교,363
A13986702,서울중계초등학교,57
A13993001,서울불암초등학교,12
A13993002,서울수암초등학교,124
A10024828,서울수색초등학교,98
A12209001,서울증산초등학교,195
A12287202,서울수색초등학교,259
A12287204,서울수색초등학교,237
A10024774,서울녹번초등학교,190
A10025836,서울어울초등학교,356
A10027816,서울어울초등학교,0
A12283601,서울녹번초등학교,69
A12283602,서울은평초등학교,229
A12283603,서울은평초등학교,272
A10022158,서울불광초등학교,189
A10022256,서울불광초등학교,196
A10026061,서울수리초등학교,161
A12204001,서울연천초등학교,121
A12204002,서울연신초등학교,25
A12204003,서울불광초등학교,302
A12204004,서울수리초등학교,41
A12204006,서울불광초등학교,36
A12204102,서울불광초등학교,139
A12275202,서울불광초등학교,364
A12284701,서울불광초등학교,104
A12285703,서울불광초등학교,168
A12205001,서울갈현초등학교,142
A12271402,서울대조초등학교,151
A12281702,서울갈현초등학교,262
A10022339,서울구산초등학교,200
A12205003,서울구산초등학교,160
A12205004,서울구산초등학교,203
A12276901,서울구현초등학교,272
A12282102,서울구산초등학교,4
A12282201,서울구현초등학교,0
A12282203,서울구현초등학교,214
A10023467,서울대은초등학교,107
A12284501,서울대은초등학교,385
A10021263,서울녹번초등학교,291
A10024313,서울은평초등학교,45
A10024831,서울은평초등학교,130
A10024947,서울은명초등학교,155
A10025310,서울은명초등학교,113
A10026834,서울응암초등학교,33
A10027547,서울은명초등학교,74
A10027551,서울은명초등학교,230
A12201001,서울연은초등학교,312
A12201002,서울연은초등학교,16
A12201003,서울연은초등학교,13
A12201101,서울은명초등학교,334
A12201102,서울은명초등학교,226
A12290901,서울연은초등학교,147
A10023728,서울역촌초등학교,341
A10021335,서울서신초등학교,65
A10022090,서울신사초등학교,239
A10022477,서울상신초등학교,94
A10022590,서울상신초등학교,178
A10025659,서울상신초등학교,186
A12208001,서울상신초등학교,139
A12208002,서울서신초등학교,248
A12208101,서울역촌초등학교,41
A12208102,서울상신초등학교,166
A12208103,서울상신초등학교,25
A12208104,서울상신초등학교,393
A12208105,서울상신초등학교,46
A12208203,서울서신초등학교,221
A12208204,서울서신초등학교,11
A12208205,서울서신초등학교,164
A12289401,서울서신초등학교,18
A12289402,서울서신초등학교,16
A10022560,서울증산초등학교,143
A10023056,서울증산초등학교,228
A10024769,서울증산초등학교,328
A12294102,서울증산초등학교,0
A10022206,서울은빛초등학교,247
A10022263,서울은진초등학교,233
A10022468,서울진관초등학교,10
A10025765,서울은진초등학교,213
A10026376,서울은빛초등학교,191
A12220001,서울진관초등학교,14
A12220002,서울진관초등학교,104
A12220003,서울진관초등학교,202
A12220005,서울진관초등학교,385
A41279901,서울진관초등학교,75
A41279902,서울진관초등학교,111
A41279903,서울진관초등학교,217
A41279904,서울진관초등학교,252
A41279905,서울진관초등학교,108
A41279906,서울진관초등학교,23
A41279907,서울진관초등학교,76
A41279908,서울진관초등학교,112
A41279909,서울은진초등학교,158
A41279910,서울은진초등학교,0
A41279911,서울은진초등학교,15
A41279912,서울신도초등학교,0
A41279913,서울은진초등학교,204
A41279914,서울은진초등학교,102
A41279915,서울신도초등학교,182
A41279916,서울신도초등학교,106
A41279917,서울은진초등학교,113
A41279918,서울신도초등학교,183
A41279920,서울은빛초등학교,14
A41279921,서울은빛초등학교,0
A41279924,서울신도초등학교,200
A41279927,서울은빛초등학교,33
A41279928,서울은빛초등학교,27
A41279929,서울신도초등학교,265
A41279930,서울신도초등학교,51
A41279931,서울은빛초등학교,126
A41279932,서울신도초등학교,222
A10023116,서울미동초등학교,173
A10022194,서울미동초등학교,251
A10024966,서울미동초등학교,290
A12070201,서울미동초등학교,270
A12003001,서울미동초등학교,40
A12070101,서울미동초등학교,341
A12004001,서울금화초등학교,318
A12007001,서울금화초등학교,292
A12008001,서울안산초등학교,345
A10023016,서울북성초등학교,324
A10026370,서울북성초등학교,22
A12079501,서울북성초등학교,4
A10021965,서울고은초등학교,84
A10023330,서울안산초등학교,228
A10024620,서울안산초등학교,349
A10025767,서울고은초등학교,56
A12009001,서울홍은초등학교,188
A12009002,서울고은초등학교,300
A12009102,서울고은초등학교,335
A12009201,서울고은초등학교,21
A12009202,서울안산초등학교,0
A12009203,서울안산초등학교,84
A12009302,서울인왕초등학교,244
A12009303,서울인왕초등학교,286
A12009304,서울홍은초등학교,188
A12009305,서울인왕초등학교,283
A12076401,서울인왕초등학교,249
A12078704,서울인왕초등학교,280
A12078705,서울안산초등학교,364
A12078706,서울안산초등학교,49
A12085303,서울안산초등학교,332
A12086001,서울인왕초등학교,306
A12017001,서울대신초등학교,45
A12011002,서울창서초등학교,397
A10025166,서울홍제초등학교,331
A10026604,서울홍제초등학교,89
A12010101,서울홍제초등학교,182
A12010103,서울홍제초등학교,24
A12010104,서울홍제초등학교,28
A12071001,서울홍연초등학교,163
A12071004,서울홍연초등학교,135
A12084302,서울홍제초등학교,363
A12084504,서울홍제초등학교,374
A10024428,서울북가좌초등학교,316
A12013001,서울북가좌초등학교,198
A12013003,서울북가좌초등학교,75
A12013101,서울북가좌초등학교,0
A12013201,서울연가초등학교,0
A12013202,서울북가좌초등학교,270
A12081602,서울북가좌초등학교,211
A12081703,서울북가좌초등학교,103
A10027019,서울가재울초등학교,323
A12012001,서울가재울초등학교,83
A12012101,서울가재울초등학교,376
A12012202,서울연가초등학교,20
A12012203,서울가재울초등학교,34
A12072801,서울연가초등학교,318
A10022480,서울아현초등학교,284
A10027090,서울소의초등학교,223
A12101001,서울소의초등학교,377
A12175202,서울아현초등학교,284
A10027748,서울염리초등학교,249
A12102002,서울공덕초등학교,77
A12102005,서울공덕초등학교,396
A12102008,서울소의초등학교,9
A12170601,서울공덕초등학교,354
A12170602,서울소의초등학교,9
A12180401,서울공덕초등학교,315
A12180407,서울공덕초등학교,143
A12180506,서울공덕초등학교,141
A10024334,서울공덕초등학교,276
A10027504,서울공덕초등학교,278
A12103002,서울공덕초등학교,96
A12103006,서울공덕초등학교,191
A12179001,서울공덕초등학교,320
A12179003,서울공덕초등학교,189
A12179004,서울공덕초등학교,82
A12179005,서울공덕초등학교,78
A12179006,서울공덕초등학교,390
A12185303,서울공덕초등학교,116
A12185304,서울공덕초등학교,189
A12104001,서울마포초등학교,142
A12104005,서울마포초등학교,13
A12104007,서울마포초등학교,152
A12170401,서울마포초등학교,172
A12170402,서울염리초등학교,157
A12181404,서울마포초등학교,21
A12181406,서울마포초등학교,142
A10021282,서울염리초등학교,390
A10022303,서울염리초등학교,348
A10028006,서울염리초등학교,89
A12187501,서울염리초등학교,159
A12187602,서울염리초등학교,226
A10025672,서울마포초등학교,250
A12105001,서울마포초등학교,232
A10021649,서울염리초등학교,143
A10025003,서울창천초등학교,260
A12172401,서울용강초등학교,46
A12172402,서울창천초등학교,304
A12181101,서울용강초등학교,187
A12181102,서울염리초등학교,180
A12181103,서울염리초등학교,180
A10024597,서울염리초등학교,25
A12109001,서울염리초등학교,9
A12109002,서울용강초등학교,173
A12187403,서울한서초등학교,74
A12172201,서울창천초등학교,195
A12171201,서울신석초등학교,136
A12185504,서울신석초등학교,182
A12185602,서울신석초등학교,294
A12185603,서울신석초등학교,82
A10027714,서울신석초등학교,97
A12112002,서울신석초등학교,308
A10020640,서울서강초등학교,367
A10025633,서울서강초등학교,252
A12119004,서울서강초등학교,144
A12119006,서울서강초등학교,33
A12119007,서울서강초등학교,147
A12177801,서울서강초등학교,348
A12177802,서울서강초등학교,147
A12188205,서울서교초등학교,346
A10028177,서울서강초등학교,32
A12170702,서울서강초등학교,30
A12182901,서울서강초등학교,121
A12115001,서울서강초등학교,238
A10024784,서울서교초등학교,66
A12174601,서울성산초등학교,174
A10027301,서울성산초등학교,109
A10027902,서울성산초등학교,265
A10022359,서울동교초등학교,9
A10023665,서울망원초등학교,15
A10023755,서울망원초등학교,165
A10024150,서울동교초등학교,176
A10027572,서울동교초등학교,231
A12123001,서울망원초등학교,223
A12182401,서울동교초등학교,250
A10022213,서울성원초등학교,157
A10027157,서울중동초등학교,256
A12125001,서울신북초등학교,27
A12125202,서울중동초등학교,274
A12171101,서울중동초등학교,148
A12185001,서울중동초등학교,134
A12185003,서울성원초등학교,298
A12185004,서울성원초등학교,18
A10022429,서울중동초등학교,295
A12187703,서울신북초등학교,188
A12187901,서울신북초등학교,4
A12187902,서울중동초등학교,118
A12187904,서울신북초등학교,303
A12187905,서울신북초등학교,51
A12187906,서울신북초등학교,7
A12127001,서울상지초등학교,180
A12127002,서울상지초등학교,14
A12127003,서울상암초등학교,248
A12127004,서울상암초등학교,10
A12127005,서울상지초등학교,102
A12127006,서울상암초등학교,235
A12127007,서울상암초등학교,0
A12127008,서울상지초등학교,29
A12179501,서울상암초등학교,311
A12179502,서울상암초등학교,275
A12179503,서울하늘초등학교,78
A12179504,서울하늘초등학교,106
A12179505,서울하늘초등학교,25
A12179508,서울하늘초등학교,0
A10021466,서울은정초등학교,235
A10023593,서울양동초등학교,305
A10024398,서울남명초등학교,169
A10025649,서울신은초등학교,36
A10027375,서울양명초등학교,350
A15807001,서울신목초등학교,56
A15807002,서울신기초등학교,168
A15807003,서울신은초등학교,245
A15807004,서울신은초등학교,250
A15807005,서울장수초등학교,102
A15807101,서울신서초등학교,0
A15807202,서울신목초등학교,89
A15807204,서울신목초등학교,45
A15807205,서울목동초등학교,241
A15807208,서울신목초등학교,211
A15807210,서울목동초등학교,1
A15807211,서울목동초등학교,398
A15807306,서울장수초등학교,21
A15807311,서울신기초등학교,15
A15807313,서울신기초등학교,166
A15807315,서울지향초등학교,96
A15807316,서울신기초등학교,107
A15807601,서울목동초등학교,59
A15807603,서울목동초등학교,52
A15807604,서울서정초등학교,16
A15807605,서울갈산초등학교,192
A15807606,서울갈산초등학교,30
A15807702,서울갈산초등학교,69
A15807703,서울은정초등학교,171
A15807705,서울계남초등학교,2
A15807706,서울계남초등학교,36
A15807707,서울은정초등학교,229
A15809002,서울신은초등학교,97
A15870701,서울신은초등학교,274
A15873701,서울신서초등학교,182
A15876402,서울신목초등학교,209
A15879501,서울지향초등학교,10
A15879502,서울신은초등학교,20
A15884901,서울목동초등학교,22
A15885303,서울신목초등학교,8
A15885306,서울신목초등학교,133
A15885307,서울신목초등학교,240
A15886501,서울장수초등학교,137
A15886504,서울신기초등학교,0
A15886505,서울지향초등학교,4
A15886507,서울지향초등학교,25
A15886508,서울지향초등학교,11
A15886510,서울장수초등학교,291
A15886512,서울장수초등학교,386
A10021098,서울정목초등학교,0
A10021824,서울목운초등학교,198
A10023948,서울양화초등학교,225
A10024823,서울정목초등학교,257
A10025127,서울정목초등학교,288
A10027303,서울양화초등학교,45
A10027849,서울목동초등학교,308
A15805002,서울목원초등학교,2
A15805003,서울영도초등학교,0
A15805105,서울목운초등학교,204
A15805109,서울목동초등학교,78
A15805111,서울목동초등학교,61
A15805114,서울목운초등학교,27
A15805115,서울서정초등학교,142
A15805202,서울정목초등학교,157
A15805203,서울양화초등학교,114
A15805302,서울등마초등학교,84
A15805403,서울정목초등학교,334
A15805404,서울영도초등학교,379
A15805503,서울영도초등학교,275
A15805504,서울경인초등학교,174
A15870101,서울목운초등학교,55
A15875101,서울월촌초등학교,2
A15875102,서울월촌초등학교,17
A15875103,서울경인초등학교,2
A15880204,서울월촌초등학교,45
A15881601,서울정목초등학교,102
A15881701,서울정목초등학교,65
A15881702,서울정목초등학교,112
A15882006,서울목동초등학교,14
A15882008,서울목운초등학교,31
A15882010,서울목동초등학교,286
A15882103,서울목운초등학교,34
A15882104,서울서정초등학교,15
A15882107,서울목운초등학교,80
A10020643,서울양강초등학교,74
A10020653,서울신강초등학교,59
A10021018,서울양강초등학교,240
A10021293,서울월정초등학교,357
A10021332,서울신원초등학교,156
A10021614,서울강서초등학교,103
A10021670,서울신원초등학교,276
A10021748,서울양강초등학교,185
A10022149,서울월정초등학교,203
A10022185,서울신원초등학교,356
A10022224,서울신원초등학교,300
A10022304,서울강서초등학교,133
A10022672,서울양강초등학교,20
A10024804,서울강서초등학교,119
A10025120,서울강신초등학교,45
A10025157,서울강신초등학교,53
A10025665,서울강서초등학교,250
A10025980,서울신원초등학교,340
A15809001,서울강서초등학교,154
A15809003,서울양강초등학교,251
A15809201,서울신남초등학교,202
A15809401,서울강서초등학교,279
A15809402,서울강서초등학교,54
A15809403,서울강서초등학교,91
A15809502,서울강신초등학교,54
A15809601,서울신남초등학교,122
A15809603,서울장수초등학교,153
A15882201,서울강신초등학교,4
A15883101,서울신원초등학교,221
A15883201,서울강서초등학교,137
A15883202,서울강서초등학교,11
A15883401,서울신남초등학교,217
A15883702,서울양강초등학교,18
A15883803,서울양강초등학교,206
A15884202,서울신남초등학교,131
A15884703,서울강월초등학교,0
A10021770,서울염동초등학교,13
A10021935,서울염창초등학교,342
A10022108,서울염동초등학교,58
A10022537,서울염동초등학교,12
A10025049,서울염경초등학교,217
A10027541,서울염경초등학교,313
A15704001,서울염창초등학교,56
A15704002,서울염동초등학교,0
A15704003,서울염동초등학교,0
A15704006,서울염창초등학교,52
A15704007,서울염창초등학교,116
A15704015,서울염창초등학교,68
A15704017,서울염경초등학교,6
A15704023,서울염동초등학교,79
A15704025,서울염경초등학교,273
A15704028,서울염경초등학교,9
A15776002,서울염동초등학교,37
A15776003,서울염동초등학교,291
A15776004,서울염동초등학교,240
A15785919,서울염경초등학교,8
A15786104,서울염동초등학교,0
A15786111,서울염동초등학교,7
A15786118,서울염경초등학교,130
A15786213,서울염동초등학교,264
A15786314,서울염창초등학교,6
A15786321,서울염창초등학교,7
A15786405,서울염경초등학교,47
A15786420,서울염경초등학교,44
A15786426,서울염동초등학교,135
A15786510,서울염경초등학교,175
A10021139,서울등양초등학교,102
A10022348,서울백석초등학교,214
A10023934,서울등명초등학교,115
A10024768,서울염창초등학교,233
A10025703,서울등마초등학교,353
A15703001,서울백석초등학교,83
A15703002,서울백석초등학교,203
A15703004,서울등양초등학교,0
A15703005,서울백석초등학교,84
A15703204,서울등마초등학교,4
A15703301,서울등원초등학교,15
A15703302,서울등양초등학교,0
A15703303,서울등현초등학교,20
A15703304,서울등양초등학교,13
A15703306,서울등현초등학교,0
A15703307,서울등현초등학교,32
A15703308,서울등명초등학교,13
A15703309,서울등현초등학교,68
A15703313,서울등양초등학교,13
A15703318,서울등원초등학교,20
A15776414,서울등명초등학교,0
A15776617,서울등원초등학교,20
A15776715,서울등원초등학교,15
A15776916,서울등원초등학교,0
A15783701,서울등마초등학교,144
A15783703,서울등마초등학교,7
A15783902,서울백석초등학교,224
A15783905,서울염창초등학교,246
A15783907,서울백석초등학교,97
A15784003,서울백석초등학교,356
A15784402,서울등촌초등학교,217
A10020494,서울신강초등학교,243
A10021232,서울월정초등학교,278
A10021290,서울발산초등학교,346
A10024391,서울신곡초등학교,120
A15701002,서울우장초등학교,172
A15701003,서울내발산초등학교,6
A15701005,서울우장초등학교,167
A15701006,서울신곡초등학교,118
A15701601,서울우장초등학교,240
A15701602,서울등원초등학교,341
A15770101,서울등서초등학교,203
A15770801,서울발산초등학교,324
A15788302,서울월정초등학교,7
A15792602,서울발산초등학교,168
A10021511,서울가양초등학교,132
A10021562,서울양천초등학교,259
A10024367,서울가양초등학교,172
A10025616,서울탑산초등학교,220
A15720001,서울탑산초등학교,93
A15720101,서울양천초등학교,119
A15774708,서울가양초등학교,25
A15780002,서울탑산초등학교,350
A15780401,서울가양초등학교,94
A15780602,서울탑산초등학교,192
A15780603,서울양천초등학교,177
A15780604,서울양천초등학교,246
A15780701,서울탑산초등학교,310
A15780703,서울탑산초등학교,0
A15780704,서울탑산초등학교,169
A15780705,서울탑산초등학교,25
A15780806,서울탑산초등학교,153
A15780904,서울가양초등학교,2
A15780905,서울가양초등학교,25
A15781002,서울가양초등학교,106
A15781003,서울가양초등학교,349
A10026879,서울공진초등학교,185
A10027371,서울공진초등학교,62
A10027403,서울공진초등학교,19
A10027433,서울공항초등학교,15
A10027452,서울공진초등학교,186
A10027687,서울공항초등학교,185
A15721007,서울공항초등학교,88
A15721011,서울송화초등학교,109
A15722009,서울송화초등학교,0
A15722010,서울공항초등학교,241
A15728002,서울수명초등학교,128
A15728003,서울수명초등학교,0
A15728004,서울수명초등학교,201
A15728005,서울수명초등학교,347
A15728006,서울수명초등학교,11
A15728007,서울수명초등학교,132
A15728008,서울수명초등학교,371
A15728009,서울가곡초등학교,89
A15728013,서울내발산초등학교,311
A15728014,서울발산초등학교,270
A15779704,서울내발산초등학교,5
A10028020,서울송정초등학교,311
A15781201,서울송정초등학교,151
A10021419,서울송화초등학교,370
A10021866,서울송화초등학교,296
A10023292,서울삼정초등학교,255
A10025641,서울송화초등학교,333
A15722003,서울방화초등학교,215
A15722004,서울송화초등학교,257
A15722005,서울송화초등학교,283
A15722008,서울개화초등학교,245
A15722011,서울송화초등학교,333
A15722102,서울개화초등학교,37
A15722106,서울송화초등학교,355
A15722108,서울치현초등학교,10
A15722201,서울방화초등학교,347
A15722203,서울송화초등학교,77
A15722204,서울방화초등학교,16
A15722304,서울치현초등학교,297
A15722306,서울정곡초등학교,162
A15722307,서울정곡초등학교,116
A15722314,서울정곡초등학교,26
A15773501,서울개화초등학교,343
A15777501,서울방화초등학교,0
A15778101,서울삼정초등학교,18
A15785002,서울방화초등학교,7
A15785005,서울방화초등학교,0
A15785507,서울송화초등학교,187
A15785601,서울삼정초등학교,225
A15785605,서울개화초등학교,134
A15785608,서울삼정초등학교,18
A15785612,서울삼정초등학교,36
A15785613,서울치현초등학교,227
A15785703,서울정곡초등학교,40
A15785709,서울치현초등학교,9
A15785710,서울치현초등학교,20
A15785711,서울정곡초등학교,26
A10020550,서울신미림초등학교,361
A10020771,서울미래초등학교,185
A10021030,서울신미림초등학교,298
A10022406,서울미래초등학교,214
A15277302,서울미래초등학교,229
A15288611,서울신미림초등학교,144
A15288801,서울신도림초등학교,16
A15288802,서울신미림초등학교,31
A15288803,서울신도림초등학교,0
A15288804,서울신도림초등학교,46
A15288805,서울신미림초등학교,12
A15288806,서울신도림초등학교,153
A15288807,서울신도림초등학교,300
A15288808,서울미래초등학교,177
A15288809,서울신도림초등학교,308
A15288810,서울신도림초등학교,145
A15288812,서울신도림초등학교,235
A15288813,서울신도림초등학교,19
A15288814,서울신미림초등학교,0
A10020947,서울신구로초등학교,23
A10021214,서울영서초등학교,8
A10021330,서울구로초등학교,178
A10021636,서울신구로초등학교,159
A10021832,서울동구로초등학교,24
A10022110,서울영서초등학교,187
A10022146,서울구일초등학교,391
A10022507,서울동구로초등학교,362
A10023471,서울신구로초등학교,276
A10023681,서울신구로초등학교,308
A10025743,서울신구로초등학교,216
A10026989,서울영서초등학교,118
A10027493,서울신구로초등학교,396
A15205001,서울구로초등학교,268
A15205002,서울영서초등학교,337
A15205103,서울구일초등학교,94
A15205108,서울구일초등학교,225
A15205301,서울가산초등학교,51
A15205303,서울영서초등학교,227
A15205305,서울구로남초등학교,0
A15205405,서울영서초등학교,337
A15205508,서울신구로초등학교,359
A15205511,서울미래초등학교,196
A15205513,서울미래초등학교,1
A15270501,서울미래초등학교,182
A15283801,서울신구로초등학교,165
A15283803,서울신구로초등학교,169
A15283806,서울신구로초등학교,317
A15283809,서울미래초등학교,31
A15283902,서울동구로초등학교,1
A15284101,서울동구로초등학교,34
A15284204,서울신구로초등학교,284
A15284302,서울신구로초등학교,59
A15284305,서울신구로초등학교,15
A15284603,서울동구로초등학교,184
A15284906,서울영서초등학교,98
A15285004,서울동구로초등학교,366
A15285503,서울구로초등학교,16
A15285804,서울구로초등학교,371
A15286210,서울미래초등학교,72
A15286602,서울신미림초등학교,250
A15286802,서울구일초등학교,279
A15286805,서울구일초등학교,315
A15286806,서울구일초등학교,337
A15286807,서울구일초등학교,224
A15286809,서울구일초등학교,4
A15288002,서울영서초등학교,111
A15288004,서울영서초등학교,0
A10021933,서울고산초등학교,82
A10023598,서울고척초등학교,33
A10023604,서울고척초등학교,37
A10024846,서울고산초등학교,211
A15208003,서울고척초등학교,158
A15208006,서울덕의초등학교,98
A15208007,서울고산초등학교,356
A15208201,서울덕의초등학교,50
A15208202,서울덕의초등학교,324
A15208204,서울덕의초등학교,381
A15279401,서울덕의초등학교,170
A15279402,서울덕의초등학교,284
A15279403,서울덕의초등학교,15
A15279404,서울덕의초등학교,228
A15282403,서울고척초등학교,239
A15282608,서울고산초등학교,111
A15282810,서울고척초등학교,160
A15283603,서울덕의초등학교,94
A15283702,서울고산초등학교,292
A15283704,서울덕의초등학교,223
A15283706,서울고산초등학교,64
A15283709,서울고산초등학교,165
A15283711,서울고원초등학교,18
A10020664,서울오류초등학교,292
A15209002,서울고원초등학교,161
A15209004,서울개봉초등학교,5
A15209007,서울세곡초등학교,253
A15209206,서울개봉초등학교,209
A15209207,서울개봉초등학교,57
A15209303,서울개명초등학교,0
A15209304,서울개명초등학교,1
A15209305,서울개명초등학교,74
A15275101,서울매봉초등학교,354
A15280303,서울오류초등학교,137
A15280304,서울매봉초등학교,266
A15282105,서울고원초등학교,398
A10022360,서울오류초등학교,213
A15210102,서울오류초등학교,205
A15210104,서울오류초등학교,363
A15210106,서울오류초등학교,44
A15210107,서울오류초등학교,139
A15210207,서울오류남초등학교,11
A15210209,서울오류남초등학교,183
A15210210,서울오류남초등학교,192
A15210211,서울오정초등학교,353
A15210212,서울오류남초등학교,85
A15278201,서울오정초등학교,231
A15278301,서울오류초등학교,139
A15279101,서울온수초등학교,293
A15210001,서울하늘숲초등학교,55
A15213003,서울하늘숲초등학교,68
A15213007,서울하늘숲초등학교,57
A10025386,서울항동초등학교,39
A15380403,서울가산초등학교,351
A10020894,서울문성초등학교,309
A10024179,서울두산초등학교,34
A10024302,서울두산초등학교,209
A10025116,서울두산초등학교,374
A10025946,서울금나래초등학교,37
A10026024,서울금나래초등학교,356
A10026626,서울금나래초등학교,43
A10027188,서울금나래초등학교,55
A15301001,서울두산초등학교,0
A15301105,서울두산초등학교,152
A15370301,서울문성초등학교,7
A15375809,서울안천초등학교,130
A15375810,서울금나래초등학교,306
A15381303,서울두산초등학교,244
A15381402,서울두산초등학교,61
A15381706,서울두산초등학교,263
A15382301,서울문성초등학교,140
A15383308,서울안천초등학교,20
A15383601,서울두산초등학교,220
A15383604,서울두산초등학교,132
A10022788,서울탑동초등학교,200
A10025447,서울시흥초등학교,40
A10026187,서울탑동초등학교,148
A10026792,서울금천초등학교,168
A15303002,서울탑동초등학교,111
A15303003,서울금나래초등학교,319
A15303102,서울금나래초등학교,15
A15303103,서울문백초등학교,332
A15303202,서울탑동초등학교,111
A15303203,서울탑동초등학교,260
A15303205,서울금동초등학교,0
A15303401,서울신흥초등학교,337
A15378501,서울신흥초등학교,10
A15383702,서울신흥초등학교,298
A15383905,서울금나래초등학교,139
A15384101,서울금천초등학교,68
A15384501,서울탑동초등학교,124
A15384603,서울탑동초등학교,334
A15386506,서울문백초등학교,0
A15003002,서울영원초등학교,0
A10025518,서울영중초등학교,174
A10026801,서울영동초등학교,328
A15003701,서울영중초등학교,8
A15003801,서울영동초등학교,185
A15003802,서울영동초등학교,183
A15001004,서울여의도초등학교,61
A15001009,서울여의도초등학교,332
A15001016,서울여의도초등학교,125
A15001019,서울윤중초등학교,83
A15001020,서울여의도초등학교,203
A15076302,서울윤중초등학교,174
A15088208,서울여의도초등학교,374
A15088614,서울윤중초등학교,221
A15088717,서울윤중초등학교,14
A15088802,서울여의도초등학교,0
A15088918,서울여의도초등학교,253
A15089307,서울윤중초등학교,345
A15089411,서울여의도초등학교,256
A15089421,서울여의도초등학교,35
A15089510,서울여의도초등학교,315
A15004101,서울영중초등학교,394
A15080002,서울문래초등학교,208
A15004201,서울문래초등학교,153
A15004202,서울당중초등학교,336
A10021962,서울영중초등학교,339
A10021966,서울영중초등학교,339
A10021967,서울영중초등학교,339
A10024834,서울당중초등학교,259
A15072001,서울당중초등학교,199
A15072002,서울영중초등학교,125
A15080204,서울영중초등학교,128
A15080205,서울영중초등학교,127
A15080402,서울당중초등학교,363
A10026797,서울영동초등학교,286
A10027684,서울영동초등학교,365
A15004403,서울당서초등학교,257
A15004405,서울당서초등학교,314
A15004406,서울당서초등학교,120
A15072201,서울당서초등학교,326
A15080501,서울영동초등학교,284
A15080507,서울당서초등학교,51
A10024789,서울당서초등학교,255
A15004501,서울당서초등학교,180
A15004502,서울당서초등학교,203
A15004503,서울당서초등학교,35
A15004505,서울당서초등학교,18
A15004506,서울당서초등학교,125
A15004507,서울당서초등학교,62
A15081002,서울영동초등학교,136
A15083201,서울영등포초등학교,352
A15083202,서울영등포초등학교,276
A10022428,서울문래초등학교,0
A10027023,서울문래초등학교,265
A15076801,서울문래초등학교,272
A15083404,서울문래초등학교,150
A15083601,서울문래초등학교,127
A15083602,서울문래초등학교,0
A15083603,서울문래초등학교,55
A10026197,서울영문초등학교,214
A15009502,서울영문초등학교,390
A15009503,서울영문초등학교,211
A15009504,서울영문초등학교,340
A15009505,서울영문초등학교,213
A10024925,서울영문초등학교,118
A10027512,서울영문초등학교,92
A15009601,서울영문초등학교,34
A15009602,서울영문초등학교,210
A15009603,서울영문초등학교,340
A15009604,서울영문초등학교,317
A15009605,서울영문초등학교,243
A15009606,서울영문초등학교,111
A15009607,서울영문초등학교,317
A15086201,서울영문초등학교,150
A15086202,서울영문초등학교,152
A15010203,서울영문초등학교,342
A10020758,서울선유초등학교,162
A10021291,서울당중초등학교,223
A15010301,서울당중초등학교,108
A15010302,서울당중초등학교,109
A15010303,서울당중초등학교,312
A15010304,서울당중초등학교,231
A15010305,서울선유초등학교,157
A15010306,서울선유초등학교,8
A15010307,서울선유초등학교,8
A15086601,서울선유초등학교,362
A15086603,서울선유초등학교,114
A15086702,서울선유초등학교,373
A15010501,서울당산초등학교,381
A15010502,서울당산초등학교,157
A10021119,서울대영초등학교,153
A10026182,서울대영초등학교,65
A10027073,서울대방초등학교,212
A15005001,서울영신초등학교,293
A15005002,서울대영초등학교,296
A15005102,서울영신초등학교,215
A15005301,서울도림초등학교,242
A15005302,서울대영초등학교,347
A15005402,서울우신초등학교,358
A15005501,서울대영초등학교,195
A15005602,서울대길초등학교,19
A15005603,서울대길초등학교,125
A15005705,서울영신초등학교,223
A15085404,서울대방초등학교,111
A15086001,서울대길초등학교,0
A15086004,서울대길초등학교,243
A15086006,서울대길초등학교,254
A15086007,서울대길초등학교,8
A15096001,서울영신초등학교,281
A10021177,서울대동초등학교,366
A10021186,서울대동초등학교,223
A10023516,서울영림초등학교,126
A10024725,서울신대림초등학교,151
A10024829,서울도신초등학교,229
A10025122,서울영림초등학교,156
A10026761,서울영림초등학교,16
A10027381,서울신대림초등학교,60
A15007002,서울영림초등학교,162
A15007101,서울도신초등학교,298
A15007201,서울영림초등학교,19
A15081107,서울신영초등학교,354
A15081201,서울신영초등학교,231
A15081602,서울신영초등학교,208
A15081604,서울신영초등학교,96
A15081606,서울신영초등학교,208
A15081802,서울신대림초등학교,242
A15095001,서울신대림초등학교,176
A15095002,서울대동초등학교,200
A10023966,서울영본초등학교,220
A10024524,서울노량진초등학교,150
A15605001,서울영본초등학교,236
A15605002,서울영본초등학교,4
A15605003,서울노량진초등학교,137
A15605103,서울영본초등학교,254
A10021490,서울신상도초등학교,65
A10024365,서울신상도초등학교,46
A10024777,서울신상도초등학교,257
A10025768,서울강남초등학교,178
A10027614,서울영화초등학교,351
A10027633,서울신상도초등학교,251
A15603001,서울신상도초등학교,163
A15603003,서울영본초등학교,129
A15603004,서울강남초등학교,226
A15603007,서울영화초등학교,175
A15603008,서울상현초등학교,261
A15603009,서울신상도초등학교,110
A15603203,서울신상도초등학교,0
A15603204,서울영화초등학교,101
A15603206,서울신상도초등학교,14
A15671801,서울신상도초등학교,352
A15678102,서울봉현초등학교,153
A15678103,서울상현초등학교,8
A15683402,서울상현초등학교,359
A15683601,서울봉현초등학교,172
A15683901,서울상도초등학교,347
A10026873,서울본동초등학교,132
A15605102,서울영본초등학교,12
A15606001,서울본동초등학교,0
A15606003,서울영본초등학교,8
A15606004,서울영본초등학교,167
A15606005,서울본동초등학교,103
A15606007,서울본동초등학교,312
A10025867,서울은로초등학교,1
A15607001,서울은로초등학교,196
A15679103,서울은로초등학교,160
A15679104,서울은로초등학교,194
A15679105,서울흑석초등학교,1
A15679106,서울은로초등학교,297
A15679107,서울흑석초등학교,164
A15679108,서울은로초등학교,321
A15679109,서울은로초등학교,4
A15685702,서울흑석초등학교,275
A15608002,서울동작초등학교,11
A15608003,서울동작초등학교,54
A10021807,서울동작초등학교,113
A10022181,서울남사초등학교,347
A10024642,서울행림초등학교,342
A10024811,서울신남성초등학교,73
A10025013,서울신남성초등학교,133
A10026025,서울행림초등학교,137
A10026299,서울삼일초등학교,14
A10027495,서울남사초등학교,166
A15609001,서울동작초등학교,53
A15609002,서울신남성초등학교,162
A15609005,서울남성초등학교,58
A15609006,서울동작초등학교,223
A15609007,서울삼일초등학교,2
A15609008,서울신남성초등학교,97
A15609301,서울삼일초등학교,283
A15609303,서울신남성초등학교,82
A15609305,서울삼일초등학교,231
A15609501,서울행림초등학교,359
A15609502,서울신남성초등학교,83
A15677204,서울삼일초등학교,23
A15677501,서울남성초등학교,313
A15681501,서울삼일초등학교,23
A15681502,서울삼일초등학교,23
A15681503,서울삼일초등학교,23
A10022384,서울영화초등학교,289
A10023859,서울신길초등학교,294
A10024752,서울영화초등학교,228
A15602001,서울신길초등학교,24
A15602002,서울대림초등학교,198
A15602007,서울신길초등학교,104
A15676512,서울영화초등학교,112
A15681103,서울신길초등학교,375
A15681104,서울영화초등학교,117
A15681105,서울신길초등학교,7
A15681106,서울영화초등학교,355
A15681108,서울영화초등학교,112
A15681110,서울신길초등학교,155
A10024098,서울대림초등학교,129
A10025504,서울보라매초등학교,354
A15601004,서울대림초등학교,377
A15601102,서울보라매초등학교,116
A15601103,서울문창초등학교,314
A15601104,서울보라매초등학교,125
A15601105,서울보라매초등학교,248
A15601201,서울대림초등학교,398
A15601202,서울보라매초등학교,0
A15685206,서울보라매초등학교,286
A15685503,서울보라매초등학교,16
A10020559,서울인헌초등학교,35
A10021647,서울신봉초등학교,307
A10021687,서울인헌초등학교,27
A10021724,서울신봉초등학교,269
A10023372,서울원당초등학교,226
A10023490,서울봉현초등학교,109
A10024638,서울봉천초등학교,0
A10024894,서울관악초등학교,164
A10026710,서울청룡초등학교,304
A15105004,서울당곡초등학교,325
A15105005,서울청룡초등학교,4
A15105006,서울행림초등학교,84
A15105007,서울청룡초등학교,219
A15105008,서울원당초등학교,384
A15105302,서울봉천초등학교,274
A15105303,서울봉현초등학교,319
A15105603,서울봉천초등학교,79
A15106001,서울신봉초등학교,4
A15106901,서울은천초등학교,102
A15176202,서울봉현초등학교,21
A15176602,서울청룡초등학교,5
A15176603,서울청룡초등학교,8
A15178201,서울구암초등학교,87
A15178202,서울은천초등학교,56
A15180701,서울구암초등학교,261
A15180705,서울구암초등학교,43
A15192201,서울구암초등학교,276
A10020921,서울원신초등학교,333
A10022424,서울조원초등학교,101
A10024621,서울신우초등학교,285
A10024634,서울신우초등학교,6
A10024749,서울삼성초등학교,219
A15101101,서울신림초등학교,250
A15101501,서울남부초등학교,375
A15101503,서울난향초등학교,44
A15101504,서울난향초등학교,99
A15101505,서울신우초등학교,25
A15101506,서울신우초등학교,363
A15101507,서울원신초등학교,7
A15101508,서울신성초등학교,386
A15101702,서울난향초등학교,4
A15101802,서울조원초등학교,65
A15101901,서울삼성초등학교,331
A15101903,서울삼성초등학교,0
A15176701,서울신우초등학교,270
A15177101,서울미성초등학교,19
A15178401,서울조원초등학교,8
A15179403,서울원신초등학교,173
A15179701,서울난곡초등학교,1
A15185704,서울미성초등학교,30
A15188101,서울난곡초등학교,3
A15190705,서울미성초등학교,1
A10021899,서울사당초등학교,244
A10025511,서울사당초등학교,210
A15108001,서울사당초등학교,124
A15108003,서울사당초등학교,100
A10020361,서울방배초등학교,253
A10021884,서울서래초등학교,57
A10024857,서울방일초등학교,254
A10026154,서울방배초등학교,324
A10027016,서울방일초등학교,20
A13706001,서울서래초등학교,306
A13706302,서울방현초등학교,29
A13706303,서울방현초등학교,322
A13770801,서울방배초등학교,379
A13771601,서울방일초등학교,12
A13782601,서울서래초등학교,189
A13782602,서울서래초등학교,0
A13782803,서울서래초등학교,264
A13782804,서울서래초등학교,42
A13782902,서울서래초등학교,42
A13783001,서울서래초등학교,98
A13783802,서울방배초등학교,220
A13784102,서울방일초등학교,144
A13785008,서울신중초등학교,283
A13785201,서울방배초등학교,310
A13785203,서울방배초등학교,180
A13785302,서울이수초등학교,277
A13713001,서울양재초등학교,0
A13789201,서울양재초등학교,22
A13789203,서울양재초등학교,26
A13778201,서울우면초등학교,86
A13778202,서울우면초등학교,77
A13778203,서울우면초등학교,179
A13778204,서울우솔초등학교,0
A13778205,서울우면초등학교,122
A13778207,서울우면초등학교,296
A13778208,서울우면초등학교,217
A13778209,서울우솔초등학교,258
A13778211,서울우솔초등학교,313
A13778212,서울우솔초등학교,154
A13778213,서울우면초등학교,164
A13778306,서울우암초등학교,37
A13790001,서울우암초등학교,10
A13790002,서울우암초등학교,99
A13790003,서울우암초등학교,15
A13790004,서울우암초등학교,10
A10020999,서울원촌초등학교,209
A10021612,서울반원초등학교,173
A10022466,서울신동초등학교,212
A10023971,서울원촌초등학교,331
A10024913,서울반원초등학교,192
A10025381,서울반원초등학교,5
A10025418,서울신동초등학교,89
A10026004,서울반원초등학교,256
A10026227,서울반원초등학교,309
A10027439,서울신동초등학교,46
A13703019,서울신동초등학교,241
A13703027,서울원촌초등학교,210
A13779432,서울원촌초등학교,290
A13790612,서울신동초등학교,208
A13790701,서울반원초등학교,373
A13790703,서울신동초등학교,132
A13790707,서울신동초등학교,78
A13790709,서울신동초등학교,221
A13790714,서울신동초등학교,8
A13790716,서울신동초등학교,113
A13790717,서울신동초등학교,58
A13790721,서울반원초등학교,254
A13790722,서울신동초등학교,20
A13790828,서울반원초등학교,54
A13790902,서울반원초등학교,163
A13790910,서울반원초등학교,79
A13790929,서울반원초등학교,9
A10021765,서울서원초등학교,43
A10024254,서울서원초등학교,26
A10024646,서울잠원초등학교,116
A10025550,서울서원초등학교,380
A10026015,서울서원초등학교,3
A10026051,서울서원초등학교,29
A10026342,서울잠원초등학교,225
A13704101,서울서원초등학교,194
A13704104,서울원촌초등학교,0
A13704404,서울서원초등학교,365
A13776301,서울서원초등학교,5
A13776508,서울잠원초등학교,214
A13776509,서울잠원초등학교,0
A13776510,서울잠원초등학교,14
A13780402,서울잠원초등학교,224
A13780403,서울잠원초등학교,154
A10020415,서울서초초등학교,307
A10020455,서울신중초등학교,300
A10020535,서울서일초등학교,393
A10021305,서울서이초등학교,196
A10022209,서울서이초등학교,237
A10022390,서울서이초등학교,378
A10022623,서울서이초등학교,248
A10022656,서울서일초등학교,227
A10023191,서울서일초등학교,58
A10023644,서울신중초등학교,306
A10023688,서울신중초등학교,179
A10023694,서울서초초등학교,24
A10024987,서울서일초등학교,249
A10026972,서울서일초등학교,8
A10027221,서울서이초등학교,82
A13707002,서울서이초등학교,377
A13707009,서울서초초등학교,335
A13707016,서울원명초등학교,253
A13707019,서울신중초등학교,381
A13707203,서울서이초등학교,235
A13770607,서울신중초등학교,89
A13772801,서울서이초등학교,378
A13775102,서울서이초등학교,238
A13785604,서울서초초등학교,27
A13785607,서울서초초등학교,49
A13785705,서울서이초등학교,237
A13786601,서울서일초등학교,72
A13786606,서울서일초등학교,281
A13786704,서울신중초등학교,377
A13786803,서울신중초등학교,108
A13786901,서울신중초등학교,149
A13788002,서울서일초등학교,235
A13788201,서울원명초등학교,10
A13788206,서울원명초등학교,250
A13788208,서울원명초등학교,62
A13792001,서울원명초등학교,0
A10024813,서울역삼초등학교,144
A10024820,서울도성초등학교,250
A13508004,서울도성초등학교,68
A13508005,서울역삼초등학교,17
A13508006,서울도성초등학교,1
A13508009,서울도성초등학교,18
A13508010,서울역삼초등학교,253
A13508013,서울역삼초등학교,88
A13579501,서울도성초등학교,19
A13579503,서울도곡초등학교,233
A13579504,서울도성초등학교,348
A13579506,서울도성초등학교,0
A13591402,서울역삼초등학교,66
A13592601,서울도성초등학교,143
A13592604,서울도성초등학교,203
A13592605,서울도성초등학교,111
A13592706,서울도곡초등학교,282
A10023565,서울포이초등학교,98
A10023996,서울개일초등학교,25
A10024564,서울포이초등학교,53
A10025675,서울개현초등학교,20
A13524004,서울개일초등학교,117
A13524005,서울개일초등학교,301
A13524006,서울구룡초등학교,0
A13524009,서울대진초등학교,14
A13580001,서울개일초등학교,171
A13580002,서울개일초등학교,300
A13580602,서울개일초등학교,132
A13593901,서울대진초등학교,14
A13593908,서울대진초등학교,14
A13594007,서울대진초등학교,14
A13599301,서울양전초등학교,20
A13599303,서울양전초등학교,20
A13599402,서울양전초등학교,98
A10020611,서울청담초등학교,357
A10024186,서울언북초등학교,145
A10024640,서울언북초등학교,56
A10025755,서울봉은초등학교,243
A13510001,서울언북초등학교,74
A13510002,서울언북초등학교,342
A13510006,서울언북초등학교,64
A13510007,서울봉은초등학교,303
A13510201,서울언북초등학교,87
A13510202,서울언북초등학교,327
A13510203,서울언북초등학교,177
A10022130,서울봉은초등학교,390
A10023939,서울언북초등학교,197
A10024819,서울삼릉초등학교,214
A10026350,서울삼릉초등학교,341
A10026934,서울삼릉초등학교,0
A13509001,서울언북초등학교,277
A13509004,서울언북초등학교,181
A13509005,서울언북초등학교,300
A13509006,서울언북초등학교,239
A13509007,서울언북초등학교,203
A13509009,서울봉은초등학교,77
A13509010,서울언북초등학교,318
A13509012,서울언북초등학교,315
A13509013,서울봉은초등학교,348
A13509014,서울봉은초등학교,348
A13509101,서울봉은초등학교,156
A13550701,서울언북초등학교,313
A13570501,서울삼릉초등학교,278
A13570502,서울봉은초등학교,348
A10024799,서울대현초등학교,345
A10024815,서울도곡초등학교,180
A10025646,서울도곡초등학교,157
A10026526,서울대현초등학교,211
A13528004,서울대곡초등학교,0
A13528007,서울대현초등학교,184
A13528008,서울대현초등학교,369
A13528102,서울대도초등학교,51
A13528103,서울대도초등학교,27
A13528105,서울대치초등학교,16
A13583403,서울대현초등학교,383
A13583507,서울대곡초등학교,40
A13583604,서울대치초등학교,0
A13583701,서울대현초등학교,251
A13584101,서울도곡초등학교,394
A10024029,서울신구초등학교,387
A10022476,서울논현초등학교,183
A10023129,서울논현초등학교,216
A10024035,서울학동초등학교,380
A10024457,서울학동초등학교,62
A13501001,서울학동초등학교,192
A13501005,서울학동초등학교,74
A13501008,서울논현초등학교,175
A13583301,서울학동초등학교,148
A13511001,서울신구초등학교,261
A13511003,서울신구초등학교,208
A13511004,서울신구초등학교,145
A13511101,서울압구정초등학교,268
A13589802,서울압구정초등학교,117
A13590602,서울청담초등학교,136
A13519001,서울대왕초등학교,293
A13519002,서울대왕초등학교,101
A13519003,서울대왕초등학교,0
A13519004,서울대왕초등학교,272
A13519006,서울세명초등학교,0
A10027985,서울세명초등학교,113
A10028172,서울자곡초등학교,87
A13519008,서울세명초등학교,62
A13520003,서울자곡초등학교,248
A10023547,서울일원초등학교,0
A10027571,서울일원초등학교,86
A13523003,서울대모초등학교,14
A13523004,서울왕북초등학교,230
A13523005,서울왕북초등학교,15
A13593801,서울대청초등학교,0
A13593802,서울대청초등학교,0
A13594203,서울왕북초등학교,380
A13594402,서울일원초등학교,155
A13594403,서울일원초등학교,110
A13594702,서울대모초등학교,134
A13522003,서울수서초등학교,20
A13522004,서울대모초등학교,333
A13522006,서울수서초등학교,345
A13522007,서울왕북초등학교,15
A13522008,서울수서초등학교,10
A13552001,서울수서초등학교,322
A13588402,서울수서초등학교,106
A13527001,서울언주초등학교,230
A13527002,서울언주초등학교,158
A13527003,서울개일초등학교,388
A13527008,서울언주초등학교,252
A13527010,서울언주초등학교,0
A13527013,서울구룡초등학교,384
A13527017,서울개일초등학교,222
A13527018,서울언주초등학교,199
A13527203,서울대도초등학교,1
A13550403,서울언주초등학교,192
A13550502,서울대도초등학교,223
A13585402,서울개일초등학교,365
A13585403,서울개일초등학교,289
A13585804,서울언주초등학교,256
A13586101,서울언주초등학교,130
A13586102,서울언주초등학교,147
A10023599,서울잠전초등학교,278
A13822001,서울송전초등학교,0
A13822002,서울버들초등학교,0
A13822003,서울잠신초등학교,0
A13822004,서울잠일초등학교,0
A13822301,서울송전초등학교,132
A13822701,서울아주초등학교,12
A13822702,서울아주초등학교,22
A13822902,서울잠전초등학교,312
A13879102,서울신천초등학교,0
A13886701,서울잠전초등학교,170
A10023169,서울잠동초등학교,305
A13824001,서울잠동초등학교,289
A13824002,서울잠동초등학교,105
A13824003,서울잠동초등학교,255
A13824005,서울잠동초등학교,1
A13824006,서울잠실초등학교,1
A13872502,서울잠동초등학교,273
A13872503,서울잠동초등학교,195
A13872504,서울잠동초등학교,1
A10021523,서울토성초등학교,21
A10024358,서울토성초등학교,362
A10024379,서울풍납초등학교,7
A10025467,서울풍납초등학교,16
A10025632,서울토성초등학교,188
A10026804,서울토성초등학교,301
A13804001,서울풍성초등학교,153
A13804002,서울풍성초등학교,269
A13804003,서울풍납초등학교,365
A13804206,서울토성초등학교,153
A13887301,서울풍납초등학교,307
A13887302,서울풍납초등학교,177
A13887403,서울토성초등학교,5
A13887405,서울토성초등학교,9
A13887702,서울토성초등학교,136
A13887901,서울토성초등학교,194
A10020796,서울중대초등학교,110
A10023610,서울중대초등학교,322
A10028083,서울중대초등학교,286
A13885102,서울송파초등학교,187
A13885301,서울중대초등학교,375
A13885304,서울중대초등학교,329
A13819001,서울석촌초등학교,7
A10021157,서울삼전초등학교,264
A10021256,서울가주초등학교,158
A13816001,서울가동초등학교,205
A13816002,서울신가초등학교,276
A13816101,서울가락초등학교,0
A13816202,서울가동초등학교,88
A13880105,서울신가초등학교,137
A13880201,서울신가초등학교,261
A13880204,서울신가초등학교,25
A13880406,서울신가초등학교,164
A13880407,서울신가초등학교,369
A13880602,서울평화초등학교,173
A13880603,서울평화초등학교,62
A13880701,서울가주초등학교,201
A13880806,서울가주초등학교,0
A13881005,서울가동초등학교,8
A13881103,서울개롱초등학교,120
A13895501,서울신가초등학교,399
A13895502,서울신가초등학교,225
A10022030,서울문덕초등학교,165
A10022995,서울문덕초등학교,221
A10024172,서울문덕초등학교,83
A10027346,서울문덕초등학교,376
A13820001,서울문정초등학교,316
A13820004,서울문정초등학교,83
A13820005,서울문덕초등학교,237
A13820006,서울문정초등학교,26
A13820201,서울가원초등학교,3
A13882401,서울문정초등학교,118
A13882402,서울문정초등학교,89
A10023296,서울문현초등학교,352
A10023897,서울위례별초등학교,364
A10026682,서울송례초등학교,62
A10027553,서울위례별초등학교,25
A10027632,서울위례별초등학교,115
A10027744,서울위례별초등학교,182
A10028086,서울위례별초등학교,261
A13821001,서울문현초등학교,10
A13821002,서울문현초등학교,281
A13821003,서울문현초등학교,138
A13821004,서울문현초등학교,223
A13821006,서울문현초등학교,267
A13821007,서울문현초등학교,367
A13876108,서울문현초등학교,111
A13876109,서울문현초등학교,6
A13876110,서울문현초등학교,32
A13876113,서울송례초등학교,39
A13876114,서울송례초등학교,10
A10021457,서울방이초등학교,111
A10026209,서울방이초등학교,123
A13805001,서울방산초등학교,222
A13805002,서울세륜초등학교,5
A13805003,서울방산초등학교,145
A13883601,서울방산초등학교,232
A13883602,서울방산초등학교,151
A10021425,서울오금초등학교,96
A10022649,서울거여초등학교,365
A10023333,서울오금초등학교,143
A10025657,서울거여초등학교,356
A10026249,서울거여초등학교,153
A10026362,서울거여초등학교,36
A10026734,서울오금초등학교,166
A13813002,서울거여초등학교,277
A13813003,서울개롱초등학교,0
A13813004,서울개롱초등학교,315
A13813005,서울개롱초등학교,187
A13813006,서울오금초등학교,111
A13813010,서울오금초등학교,322
A13873701,서울오금초등학교,111
A13886009,서울개롱초등학교,115
A10021407,서울영풍초등학교,296
A10022033,서울영풍초등학교,8
A10023887,서울영풍초등학교,170
A10023922,서울거원초등학교,260
A10024085,서울위례솔초등학교,300
A10024152,서울위례솔초등학교,10
A10024197,서울거원초등학교,95
A10024577,서울위례솔초등학교,26
A10024787,서울마천초등학교,111
A10025284,서울영풍초등학교,6
A13811001,서울거원초등학교,26
A13811202,서울거원초등학교,163
A13811203,서울거원초등학교,10
A13811204,서울거원초등학교,146
A13811205,서울거원초등학교,9
A13811206,서울거원초등학교,186
A13881302,서울영풍초등학교,88
A13881401,서울영풍초등학교,208
A13881601,서울영풍초등학교,253
A13881603,서울영풍초등학교,204
A13812001,서울마천초등학교,197
A13812002,서울마천초등학교,35
A13812003,서울남천초등학교,339
A13812004,서울남천초등학교,19
A10025415,서울고명초등학교,15
A10026002,서울명원초등학교,74
A13407002,서울대명초등학교,326
A13407104,서울고명초등학교,0
A13407201,서울명원초등학교,2
A13407202,서울명원초등학교,259
A13407204,서울명원초등학교,115
A13478601,서울대명초등학교,167
A13478602,서울명원초등학교,338
A13482505,서울명원초등학교,0
A13482603,서울대명초등학교,174
A13482706,서울대명초등학교,12
A13482801,서울명원초등학교,162
A13483002,서울명원초등학교,310
A10024562,서울고덕초등학교,301
A13408003,서울묘곡초등학교,8
A13480401,서울묘곡초등학교,68
A13480403,서울명덕초등학교,0
A10021433,서울대명초등학교,295
A10025010,서울고현초등학교,0
A13409001,서울상일초등학교,356
A13472701,서울강명초등학교,24
A10020988,서울천동초등학교,240
A10020989,서울천동초등학교,178
A10022001,서울천동초등학교,122
A10024972,서울신명초등학교,97
A13470101,서울신명초등학교,62
A13470102,서울천동초등학교,387
A13470103,서울길동초등학교,138
A13480803,서울길동초등학교,179
A13481001,서울신명초등학교,394
A13481305,서울길동초등학교,7
A13488104,서울길동초등학교,237
A10021705,서울선린초등학교,132
A13406002,서울선린초등학교,330
A13406003,서울한산초등학교,45
A13406007,서울선린초등학교,361
A13406201,서울한산초등학교,23
A13406204,서울한산초등학교,11
A13406205,서울한산초등학교,14
A13470502,서울한산초등학교,80
A13470503,서울선린초등학교,395
A13470504,서울선린초등학교,131
A13481802,서울선린초등학교,57
A10021259,서울선사초등학교,151
A10025174,서울신암초등학교,9
A13405002,서울선사초등학교,110
A13405003,서울명일초등학교,18
A13405201,서울선사초등학교,254
A13471501,서울선사초등학교,201
A13485302,서울명덕초등학교,31
A13485401,서울명일초등학교,95
A13403002,서울성내초등학교,57
A13403101,서울성내초등학교,246
A13484201,서울성일초등학교,375
A13484501,서울성일초등학교,291
A10020603,서울천동초등학교,364
A10024134,서울강동초등학교,179
A10026195,서울신암초등학교,185
A13402005,서울천동초등학교,20
A13402103,서울천호초등학교,118
A13402202,서울신암초등학교,382
A13402204,서울신암초등학교,14
A13402305,서울천동초등학교,293
A13472201,서울천동초등학교,293
A13486401,서울천동초등학교,366
A13486504,서울천일초등학교,19
A13486601,서울천일초등학교,136
A13486701,서울강동초등학교,186
A13486703,서울강동초등학교,240
A13486705,서울강동초등학교,46
A10024421,서울강빛초등학교,304
A10024422,서울강빛초등학교,251
A10024440,서울강빛초등학교,367
A10024468,서울강빛초등학교,30
A10027638,서울강솔초등학교,0
A13410001,서울강일초등학교,363
A13410002,서울강솔초등학교,157
A13410003,서울강일초등학교,309
A13410004,서울강일초등학교,16
A13410005,서울강솔초등학교,25
A13410006,서울강일초등학교,36
A13410007,서울강솔초등학교,25
A13410008,서울강일초등학교,40
A13410009,서울강일초등학교,61
A13410010,서울강일초등학교,28
A13410011,서울강명초등학교,315
A40080101,인천연안초등학교,32
A40080102,인천연안초등학교,32
A40080104,인천연안초등학교,32
A40007001,인천신광초등학교,372
A40009001,인천신흥초등학교,0
A40010101,인천신흥초등학교,299
A40010102,인천신광초등학교,229
A40010103,인천신광초등학교,105
A10026143,인천신광초등학교,179
A40010201,인천신광초등학교,115
A40014001,인천신광초등학교,271
A40022101,인천송월초등학교,98
A10020390,인천송월초등학교,354
A10023554,인천영종초등학교,311
A10023718,인천중산초등학교,22
A10024993,인천중산초등학교,296
A10025799,인천중산초등학교,6
A40084102,인천중산초등학교,97
A40084103,인천영종초등학교,20
A40084104,인천하늘초등학교,354
A40084105,인천별빛초등학교,52
A40084106,인천중산초등학교,174
A40084107,인천영종초등학교,231
A40084108,인천영종초등학교,290
A10023657,인천별빛초등학교,242
A10025702,인천별빛초등학교,0
A40081101,인천운남초등학교,17
A10023286,인천삼목초등학교,41
A40034004,인천공항초등학교,36
A40034005,인천삼목초등학교,0
A40034006,인천삼목초등학교,11
A40034007,인천삼목초등학교,146
A40034008,인천공항초등학교,216
A40034009,인천운서초등학교,192
A40034010,인천공항초등학교,159
A40034012,인천공항초등학교,1
A40034013,인천삼목초등학교,183
A40034015,인천공항초등학교,140
A40072001,인천운서초등학교,135
A40072514,인천삼목초등학교,169
A40170201,인천만석초등학교,43
A40102001,인천만석초등학교,30
A40102002,인천만석초등학교,244
A40180401,인천송현초등학교,15
A40104001,인천송현초등학교,70
A40104002,인천송현초등학교,172
A40104003,인천서흥초등학교,175
A40104005,인천서흥초등학교,135
A40104006,인천송현초등학교,15
A40104007,인천송림초등학교,225
A40104008,인천송현초등학교,182
A40170601,인천송현초등학교,14
A10024497,인천서림초등학교,268
A40107001,인천송림초등학교,183
A40107002,인천서흥초등학교,217
A40107003,인천서림초등학교,48
A40107004,인천서림초등학교,130
A10022254,인천용일초등학교,105
A10027496,인천용학초등학교,3
A40202001,인천용현남초등학교,58
A40202203,인천용현초등학교,49
A40202205,인천용현초등학교,55
A40273506,인천용현초등학교,105
A40273702,인천용현초등학교,63
A40273805,인천용현남초등학교,108
A40273904,인천용현남초등학교,122
A40274001,인천용현남초등학교,121
A40274103,인천신선초등학교,260
A40274208,인천용현남초등학교,314
A40276109,인천용현남초등학교,136
A40276110,인천신선초등학교,324
A40276207,인천용현남초등학교,315
A40279101,인천용현초등학교,171
A40279102,인천용현초등학교,166
A40279103,인천용현초등학교,23
A40279301,인천용현초등학교,394
A40283301,인천용현초등학교,315
A10022122,인천백학초등학교,361
A10025355,인천백학초등학교,215
A40204001,인천학산초등학교,213
A40204101,인천백학초등학교,293
A40204104,인천백학초등학교,181
A40204106,인천학산초등학교,25
A40204107,인천백학초등학교,4
A40204109,인천학익초등학교,186
A40204110,인천학산초등학교,3
A40276901,인천학익초등학교,106
A40277408,인천학익초등학교,99
A40277503,인천학산초등학교,73
A40277602,인천학산초등학교,20
A40277705,인천학산초등학교,283
A40277802,인천연학초등학교,8
A40277901,인천인주초등학교,0
A40277903,인천인주초등학교,5
A40277904,인천인주초등학교,11
A40277905,인천인주초등학교,180
A40277906,인천인주초등학교,168
A40277907,인천인주초등학교,86
A40277908,인천인주초등학교,116
A10022204,인천대화초등학교,44
A10024481,인천서화초등학교,66
A10024527,인천대화초등학교,292
A10024528,인천대화초등학교,182
A10027342,인천서화초등학교,208
A40206001,인천도화초등학교,74
A40271801,인천도화초등학교,106
A40271903,인천도화초등학교,161
A40272002,인천도화초등학교,253
A10021055,인천주안북초등학교,142
A10021589,인천주안북초등학교,215
A10024133,인천주안북초등학교,15
A10025225,인천석암초등학교,257
A10026745,인천석암초등학교,296
A10027516,인천주안북초등학교,207
A40220002,인천석암초등학교,96
A40220603,인천경원초등학교,105
A40220802,인천문학초등학교,296
A40270206,인천관교초등학교,211
A40274301,인천석암초등학교,254
A40275503,인천남부초등학교,5
A40275801,인천주안남초등학교,9
A40275904,인천주안남초등학교,394
A40279703,인천주안남초등학교,301
A40283601,인천석암초등학교,268
A40283602,인천주안북초등학교,114
A40284801,인천석암초등학교,146
A40285201,인천문학초등학교,389
A40270205,인천승학초등학교,2
A40270503,인천승학초등학교,334
A40270602,인천승학초등학교,291
A40270704,인천승학초등학교,3
A40270806,인천승학초등학교,150
A40271507,인천승학초등학교,151
A40271701,인천승학초등학교,253
A40671302,인천능허대초등학교,288
A40671303,인천능허대초등학교,152
A40671411,인천능허대초등학교,156
A40671510,인천축현초등학교,113
A40671609,인천축현초등학교,183
A40671801,인천능허대초등학교,7
A40671808,인천능허대초등학교,16
A40671906,인천축현초등학교,372
A40672007,인천능허대초등학교,28
A40672112,인천옥련초등학교,84
A40677113,인천옥련초등학교,347
A40678901,인천옥련초등학교,313
A40678902,인천능허대초등학교,116
A40678903,인천옥련초등학교,15
A40678904,인천옥련초등학교,351
A40678905,인천축현초등학교,260
A40682504,인천옥련초등학교,155
A40682804,인천송도초등학교,16
A40609002,인천선학초등학교,55
A40670408,인천선학초등학교,189
A40670509,인천선학초등학교,0
A40670603,인천선학초등학교,55
A40670604,인천선학초등학교,55
A40680605,인천선학초등학교,21
A40680606,인천선학초등학교,21
A10020733,인천함박초등학교,100
A10021078,인천함박초등학교,100
A10024204,인천문남초등학교,0
A40611304,인천문남초등학교,164
A40670705,인천함박초등학교,9
A40670706,인천문남초등학교,24
A40670804,인천함박초등학교,198
A40671003,인천연수초등학교,0
A40671105,인천연수초등학교,0
A40671201,인천중앙초등학교,0
A40676006,인천문남초등학교,150
A40676101,인천중앙초등학교,117
A40676206,인천중앙초등학교,117
A40676305,인천연화초등학교,0
A40676307,인천연화초등학교,77
A40676607,인천연수초등학교,32
A40676708,인천중앙초등학교,20
A40676806,인천연수초등학교,378
A40681302,인천함박초등학교,279
A40681303,인천문남초등학교,17
A40681502,인천중앙초등학교,28
A40681703,인천중앙초등학교,117
A40681704,인천중앙초등학교,117
A40681802,인천연화초등학교,65
A40679306,인천청학초등학교,284
A40679307,인천송도초등학교,238
A40683001,인천청학초등학교,279
A40683002,인천청학초등학교,386
A40683007,인천청학초등학교,14
A40683008,인천청학초등학교,13
A40683010,인천청학초등학교,77
A40613001,인천청량초등학교,96
A40613002,인천연성초등학교,0
A40613003,인천연성초등학교,112
A40613207,인천연성초등학교,90
A40670106,인천동춘초등학교,212
A40670202,인천청학초등학교,239
A40670304,인천동막초등학교,37
A40675109,인천동춘초등학교,0
A40675208,인천동춘초등학교,35
A40675305,인천동막초등학교,20
A40675406,인천서면초등학교,0
A40675503,인천동막초등학교,0
A40675601,인천서면초등학교,92
A40677501,인천청량초등학교,0
A40680103,인천청량초등학교,306
A40680104,인천청량초등학교,28
A40680105,인천동춘초등학교,120
A40680107,인천청량초등학교,26
A40680301,인천동춘초등학교,113
A40680401,인천서면초등학교,85
A40680402,인천서면초등학교,26
A10022395,인천먼우금초등학교,317
A10023693,인천예송초등학교,67
A10024083,인천예송초등학교,334
A10024779,인천미송초등학교,18
A10025031,인천미송초등학교,64
A10025071,인천현송초등학교,46
A10025399,인천은송초등학교,59
A10025853,인천송일초등학교,28
A10025886,인천송담초등학교,67
A10026038,인천첨단초등학교,149
A10026547,인천송명초등학교,2
A10026678,인천예송초등학교,30
A10026679,인천송일초등학교,41
A10026681,인천예송초등학교,114
A10027171,인천첨단초등학교,77
A10027367,인천송명초등학교,24
A10027653,인천송원초등학교,269
A10027884,인천연송초등학교,0
A10027887,인천신정초등학교,315
A10027888,인천연송초등학교,24
A10027925,인천송일초등학교,245
A10027929,인천송일초등학교,122
A10027930,인천송일초등학교,118
A40673002,인천신송초등학교,99
A40673101,인천신송초등학교,25
A40673412,인천먼우금초등학교,25
A40673510,인천먼우금초등학교,25
A40673603,인천먼우금초등학교,0
A40673901,인천명선초등학교,205
A40673902,인천해송초등학교,223
A40673903,인천해송초등학교,25
A40673904,인천신정초등학교,369
A40673905,인천신정초등학교,338
A40673906,인천신정초등학교,230
A40673907,인천신정초등학교,70
A40673908,인천신정초등학교,75
A40673910,인천신정초등학교,294
A40673911,인천신정초등학교,0
A40673912,인천신정초등학교,20
A40673913,인천신정초등학교,15
A40673914,인천명선초등학교,20
A40673915,인천명선초등학교,108
A40673916,인천송원초등학교,252
A40673917,인천송원초등학교,32
A40673918,인천명선초등학교,296
A40673920,인천송원초등학교,273
A40673921,인천송명초등학교,145
A40673922,인천첨단초등학교,1
A40673923,인천연송초등학교,104
A40673924,인천연송초등학교,64
A40684004,인천신송초등학교,14
A40684005,인천신송초등학교,78
A40684007,인천신송초등학교,126
A40684008,인천신송초등학교,75
A40684009,인천해송초등학교,0
A40684011,인천해송초등학교,144
A40684013,인천먼우금초등학교,337
A10021096,인천간석초등학교,394
A10021357,인천신월초등학교,181
A10021432,인천석천초등학교,387
A10021852,인천구월서초등학교,212
A10023325,인천성리초등학교,265
A10024475,인천석천초등학교,180
A10026789,인천만월초등학교,361
A10027197,인천만월초등학교,308
A10028026,인천만월초등학교,125
A10028027,인천만월초등학교,145
A10028030,인천성리초등학교,172
A10028031,인천만월초등학교,32
A40522001,인천구월서초등학교,212
A40573101,인천성리초등학교,128
A40573202,인천성리초등학교,50
A40576101,인천석천초등학교,0
A40582301,인천상아초등학교,0
A40582303,인천정각초등학교,0
A40582802,인천간석초등학교,277
A10020467,인천석정초등학교,6
A10021033,인천주원초등학교,9
A10021369,상인천초등학교,147
A10021726,인천석정초등학교,351
A10026927,인천약산초등학교,93
A40523202,인천상아초등학교,0
A40523301,인천인동초등학교,279
A40570505,인천구월서초등학교,312
A40570904,인천경원초등학교,256
A40571402,인천경원초등학교,92
A40571602,인천석정초등학교,129
A40571701,상인천초등학교,68
A40571902,인천인동초등학교,146
A40572403,인천인동초등학교,12
A40575206,인천석정초등학교,13
A40580901,인천석천초등학교,128
A40581005,인천주원초등학교,150
A10021002,인천조동초등학교,264
A10021105,인천조동초등학교,143
A10021279,인천조동초등학교,388
A10021576,인천인동초등학교,56
A10021619,인천만수북초등학교,223
A10021829,인천조동초등학교,283
A10022418,인천인동초등학교,8
A10024729,인천만수초등학교,339
A40574002,인천만수초등학교,72
A40574101,인천만수초등학교,163
A40574201,인천만수북초등학교,177
A40574202,인천만수북초등학교,35
A40574403,인천조동초등학교,0
A40574904,인천인동초등학교,9
A40575301,인천인동초등학교,62
A40575610,인천담방초등학교,111
A40575704,인천담방초등학교,137
A40575812,인천담방초등학교,15
A40575911,인천담방초등학교,30
A40576206,인천남동초등학교,15
A40576301,인천담방초등학교,188
A40576409,인천남동초등학교,15
A40576502,인천남동초등학교,86
A40576603,인천남동초등학교,332
A40576708,인천담방초등학교,0
A40576807,인천담방초등학교,269
A40577003,인천장수초등학교,0
A40577101,인천인수초등학교,0
A40577102,인천새말초등학교,11
A40577103,인천새말초등학교,21
A40577104,인천조동초등학교,15
A40577105,인천새말초등학교,11
A40577106,인천인수초등학교,127
A40577204,인천장수초등학교,0
A40577305,인천남동초등학교,76
A40577313,인천남동초등학교,76
A40586002,인천인동초등학교,62
A10025083,인천장아초등학교,341
A10026474,인천장서초등학교,151
A10026616,인천장서초등학교,57
A10026647,인천장서초등학교,8
A10026721,인천장서초등학교,161
A10026786,인천장아초등학교,214
A10026923,인천한빛초등학교,78
A10027649,인천장서초등학교,30
A10028173,인천장서초등학교,81
A40526003,인천서창초등학교,158
A40526004,인천서창초등학교,359
A40526006,인천서창초등학교,0
A40576901,인천서창초등학교,353
A40576902,인천장아초등학교,267
A40576904,인천한빛초등학교,59
A40576905,인천장아초등학교,360
A40576906,인천한빛초등학교,27
A40577505,인천서창초등학교,54
A40587002,인천서창초등학교,20
A10021953,인천남촌초등학교,175
A40510003,인천남촌초등학교,139
A40573502,인천남촌초등학교,303
A40584401,인천남촌초등학교,393
A40528001,인천도림초등학교,231
A40528002,인천도림초등학교,210
A40528004,인천도림초등학교,0
A40578503,인천도림초등학교,16
A10023662,인천은봉초등학교,107
A10025792,인천동방초등학교,264
A40530004,인천장도초등학교,5
A40530005,인천장도초등학교,0
A40530006,인천은봉초등학교,95
A40530009,인천장도초등학교,27
A40530010,인천논현초등학교,0
A40530011,인천동방초등학교,23
A40530012,인천논현초등학교,22
A40530016,인천동방초등학교,1
A40530017,인천장도초등학교,150
A40530018,인천동방초등학교,360
A40572701,인천송천초등학교,26
A40573603,인천논곡초등학교,0
A40573613,인천논곡초등학교,197
A40577815,인천소래초등학교,215
A40579607,인천은봉초등학교,51
A40579701,인천고잔초등학교,1
A40579702,인천원동초등학교,33
A40579703,인천논곡초등학교,131
A40579705,인천고잔초등학교,23
A40579706,인천원동초등학교,2
A40579707,인천고잔초등학교,29
A40579708,인천사리울초등학교,16
A40579709,인천사리울초등학교,315
A40579710,인천송천초등학교,21
A40579711,인천소래초등학교,289
A40579712,인천원동초등학교,296
A40579713,인천원동초등학교,188
A40585001,인천논곡초등학교,183
A40585002,인천소래초등학교,143
A40585008,인천논곡초등학교,0
A10020841,인천부원초등학교,198
A10021910,인천부평동초등학교,197
A10022301,인천부광초등학교,379
A10027238,인천개흥초등학교,204
A10027255,인천개흥초등학교,373
A40301002,인천동수초등학교,21
A40301003,인천부개서초등학교,323
A40370501,인천동수초등학교,23
A40373403,인천부원초등학교,153
A40373904,인천부원초등학교,41
A40376107,인천부평서초등학교,43
A40376206,인천부평서초등학교,75
A40376305,인천부원초등학교,16
A40381801,인천부원초등학교,239
A40381802,인천부원초등학교,225
A10021815,인천십정초등학교,343
A40313001,인천상정초등학교,19
A40313002,인천백운초등학교,349
A40313104,인천상정초등학교,187
A40375901,인천백운초등학교,2
A40384301,인천백운초등학교,113
A40384303,인천백운초등학교,179
A40384402,인천상정초등학교,206
A10024583,인천산곡초등학교,42
A40302002,인천산곡남초등학교,41
A40302003,인천부곡초등학교,58
A40302004,인천부마초등학교,15
A40302005,인천산곡초등학교,360
A40374809,인천산곡초등학교,268
A40374901,인천대정초등학교,12
A40377103,인천산곡남초등학교,327
A40377111,인천부곡초등학교,47
A40377206,인천산곡남초등학교,170
A40377207,인천부곡초등학교,100
A40377310,인천부마초등학교,0
A40377312,인천부마초등학교,0
A40377504,인천대정초등학교,149
A40377603,인천대정초등학교,12
A40378104,인천부곡초등학교,160
A40378202,인천부곡초등학교,158
A40378303,인천산곡남초등학교,205
A40378406,인천부원초등학교,270
A40378505,인천미산초등학교,4
A40383303,인천산곡초등학교,200
A40383601,인천부곡초등학교,232
A40383604,인천부곡초등학교,14
A40383702,인천산곡남초등학교,283
A40383708,인천산곡남초등학교,244
A40303101,인천청천초등학교,368
A40376510,인천마장초등학교,5
A40376609,인천용마초등학교,0
A40385702,인천산곡북초등학교,318
A40385804,인천미산초등학교,339
A40385808,인천마장초등학교,389
A10021735,인천삼산초등학교,91
A40309002,인천한길초등학교,26
A40309003,인천삼산초등학교,76
A40309004,인천삼산초등학교,146
A40309005,인천후정초등학교,11
A40309006,인천한길초등학교,40
A40309007,인천후정초등학교,93
A40309008,인천굴포초등학교,15
A40309009,인천굴포초등학교,10
A40309010,인천후정초등학교,0
A40309011,인천한길초등학교,77
A40309012,인천진산초등학교,144
A40309013,인천굴포초등학교,24
A40309014,인천영선초등학교,24
A40309015,인천영선초등학교,54
A40309016,인천삼산초등학교,27
A40309017,인천삼산초등학교,113
A40309018,인천한길초등학교,70
A40309101,인천삼산초등학교,228
A40375202,인천한길초등학교,159
A40375703,인천진산초등학교,8
A40391301,인천한길초등학교,44
A10024261,인천부평북초등학교,360
A40308001,인천부평북초등학교,157
A40308002,인천갈산초등학교,1
A40370302,인천부평북초등학교,273
A40370404,인천갈월초등학교,397
A40370607,인천갈월초등학교,180
A40370610,인천갈월초등학교,247
A40370702,인천갈산초등학교,50
A40370906,인천갈월초등학교,12
A40371003,인천갈산초등학교,50
A40375111,인천갈산초등학교,16
A40376904,인천갈산초등학교,50
A40378608,인천갈월초등학교,105
A40378701,인천갈월초등학교,105
A40378805,인천갈월초등학교,8
A40378909,인천갈산초등학교,30
A10021405,인천구산초등학교,302
A10022918,인천부내초등학교,81
A10023792,인천동수초등학교,167
A40372102,인천동수초등학교,6
A40372301,인천부개서초등학교,7
A40372401,인천부개서초등학교,395
A40372503,인천부내초등학교,149
A40372608,인천구산초등학교,201
A40372706,인천부일초등학교,0
A40372803,인천구산초등학교,27
A40372911,인천구산초등학교,0
A40373010,인천부일초등학교,133
A40373105,인천부내초등학교,170
A40373112,인천부내초등학교,170
A40373209,인천부내초등학교,1
A40375607,인천구산초등학교,0
A40379801,인천부개초등학교,319
A40381001,인천부개초등학교,257
A40381301,인천구산초등학교,302
A40381302,인천개흥초등학교,227
A40381304,인천개흥초등학교,376
A40381402,인천부개서초등학교,381
A40376001,인천일신초등학교,10
A40376402,인천일신초등학교,12
A40312001,인천금마초등학교,0
A10021385,인천효성남초등학교,72
A10021803,인천효성서초등학교,3
A10024114,인천효성남초등학교,62
A40704001,인천효성남초등학교,371
A40704002,인천효성초등학교,63
A40704205,인천효성남초등학교,31
A40771807,인천효성남초등학교,359
A40771808,인천성지초등학교,160
A40771809,인천효성남초등학교,137
A40771810,인천효성서초등학교,49
A40771911,인천효성서초등학교,125
A40772110,인천성지초등학교,13
A40778107,인천효성초등학교,2
A40778109,인천효성초등학교,141
A40778305,인천효성동초등학교,81
A40778306,인천효성남초등학교,35
A40778310,인천효성동초등학교,128
A40782603,인천효성초등학교,72
A40782701,인천효성초등학교,365
A40782704,인천명현초등학교,173
A40782902,인천효성초등학교,3
A40783001,인천성지초등학교,201
A40783102,인천효성남초등학교,215
A40783206,인천효성서초등학교,162
A10021085,인천해서초등학교,13
A10021370,인천안남초등학교,9
A10021627,인천안남초등학교,84
A10021642,인천안남초등학교,174
A10021868,인천부평초등학교,129
A10022102,인천계산초등학교,258
A10022356,인천계산초등학교,306
A10022370,인천계산초등학교,380
A10024960,인천계산초등학교,313
A40705001,인천해서초등학교,318
A40773701,인천부현동초등학교,1
A40776202,인천계산초등학교,388
A40776316,인천안남초등학교,10
A40780003,인천안남초등학교,199
A40780004,인천안남초등학교,12
A40780006,인천안남초등학교,53
A40780007,인천안남초등학교,6
A40780009,인천안남초등학교,21
A40780017,인천부현초등학교,67
A40780208,인천안남초등학교,223
A40780211,인천안남초등학교,75
A40780701,인천부평초등학교,28
A40780702,인천부평초등학교,43
A40780901,인천신대초등학교,148
A40780910,인천신대초등학교,148
A40780914,인천부현동초등학교,36
A40781205,인천안남초등학교,50
A10021091,인천작전초등학교,110
A10021685,인천작동초등학교,10
A10021821,인천부현초등학교,72
A40706001,인천화전초등학교,92
A40706002,인천작동초등학교,36
A40706003,인천서운초등학교,203
A40706107,인천화전초등학교,10
A40771305,인천부현동초등학교,69
A40771404,인천부현동초등학교,26
A40771502,인천작동초등학교,36
A40777114,인천화전초등학교,171
A40777203,인천부현동초등학교,26
A40781701,인천부현초등학교,284
A40781702,인천화전초등학교,22
A40781703,인천화전초등학교,32
A40781704,인천부현초등학교,375
A40781706,인천부현초등학교,104
A40781708,인천부현초등학교,124
A40781711,인천작전초등학교,29
A40781712,인천부현초등학교,368
A40781713,인천화전초등학교,11
A40781809,인천화전초등학교,23
A40781810,인천화전초등학교,137
A40782005,인천화전초등학교,171
A40782101,인천작동초등학교,332
A40782203,인천작전초등학교,346
A40782302,인천작전초등학교,105
A40782304,인천작전초등학교,56
A40782306,인천작전초등학교,255
A40707001,인천신대초등학교,97
A40707002,인천서운초등학교,53
A10026908,인천길주초등학교,269
A40770901,인천길주초등학교,121
A40770902,인천길주초등학교,22
A40770903,인천신대초등학교,119
A40770904,인천길주초등학교,80
A40770905,인천신대초등학교,0
A10020560,인천양촌초등학교,334
A10021346,인천양촌초등학교,371
A40732001,인천양촌초등학교,244
A40770604,인천병방초등학교,55
A40770703,인천병방초등학교,55
A40770805,인천길주초등학교,186
A40776802,인천병방초등학교,0
A10021274,인천양촌초등학교,100
A40748001,인천양촌초등학교,155
A40733001,인천소양초등학교,255
A40733003,인천소양초등학교,257
A40772302,인천소양초등학교,145
A40772303,인천소양초등학교,50
A40772304,인천소양초등학교,240
A40734002,인천당산초등학교,376
A40772404,인천당산초등학교,257
A40772505,인천당산초등학교,254
A40772603,인천당산초등학교,16
A40772604,인천당산초등학교,296
A40772701,인천당산초등학교,290
A40772201,인천귤현초등학교,76
A40772202,인천귤현초등학교,192
A40772203,인천귤현초등학교,156
A40772204,인천귤현초등학교,248
A40738001,인천계양초등학교,169
A40776901,인천계양초등학교,23
A40747001,인천계양초등학교,23
A40470703,인천간재울초등학교,1
A40479811,인천검암초등학교,394
A40484702,인천간재울초등학교,120
A40484704,인천간재울초등학교,234
A40484705,인천은지초등학교,163
A40484706,인천은지초등학교,10
A40484707,인천은지초등학교,66
A40484708,인천은지초등학교,70
A40484709,인천검암초등학교,8
A10023917,인천경서초등학교,19
A40417001,인천경서초등학교,399
A40470903,인천경서초등학교,259
A40471902,인천경서초등학교,9
A40420001,인천공촌초등학교,167
A40420002,인천공촌초등학교,17
A40483605,인천서곶초등학교,372
A40483701,인천공촌초등학교,165
A40483806,인천서곶초등학교,121
A40479104,인천양지초등학교,59
A40479205,인천심곡초등학교,98
A40483401,인천심곡초등학교,270
A40483502,인천서곶초등학교,311
A40483503,인천양지초등학교,220
A40483602,인천심곡초등학교,133
A10020966,인천봉수초등학교,244
A10023500,인천봉수초등학교,314
A10025224,인천가원초등학교,393
A10026254,인천가원초등학교,154
A10026367,인천가원초등학교,90
A10026574,인천가원초등학교,185
A40423001,인천가원초등학교,55
A40423002,인천신현초등학교,397
A40423201,인천봉수초등학교,320
A40423205,인천봉수초등학교,327
A40470401,인천가석초등학교,136
A40471206,인천봉수초등학교,219
A10026262,인천가현초등학교,27
A10026479,인천가현초등학교,9
A10026702,인천가현초등학교,82
A40478504,인천가현초등학교,21
A40483002,인천신현북초등학교,241
A40483101,인천신현북초등학교,206
A10020825,인천석남초등학교,170
A40422001,인천신석초등학교,28
A40422003,인천신석초등학교,9
A40482201,인천신석초등학교,12
A40482301,인천석남초등학교,113
A40482302,인천석남초등학교,2
A40482402,인천신석초등학교,308
A40482901,인천석남서초등학교,166
A40482902,인천석남서초등학교,11
A10026638,인천가정초등학교,0
A40425302,인천건지초등학교,339
A40476201,인천가좌초등학교,43
A40476203,인천가좌초등학교,52
A40476207,인천가좌초등학교,17
A40476209,인천가좌초등학교,98
A40480704,인천가정초등학교,359
A40480705,인천가정초등학교,264
A40480710,인천가정초등학교,317
A40480901,인천건지초등학교,198
A40481303,인천가림초등학교,55
A10023902,인천검단초등학교,11
A40426011,인천마전초등학교,0
A40426013,인천능내초등학교,166
A40426015,인천능내초등학교,12
A40426017,인천완정초등학교,121
A40472719,인천마전초등학교,13
A40472809,인천마전초등학교,144
A40473121,인천마전초등학교,0
A40473122,인천능내초등학교,312
A40473124,인천능내초등학교,234
A40473314,인천검단초등학교,316
A40482003,인천완정초등학교,321
A40482105,인천능내초등학교,226
A10023529,인천아라초등학교,40
A10023534,인천해든초등학교,246
A10023645,인천해든초등학교,19
A10023751,인천해든초등학교,59
A10024140,인천아라초등학교,318
A40431001,인천당하초등학교,20
A40431002,인천발산초등학교,13
A40431003,인천원당초등학교,19
A40431004,인천당하초등학교,12
A40431007,인천원당초등학교,12
A40431010,인천발산초등학교,19
A40472208,인천당하초등학교,50
A40472601,인천백석초등학교,130
A40472602,인천백석초등학교,188
A40472603,인천백석초등학교,51
A40473206,인천당하초등학교,126
A40477109,인천당하초등학교,39
A10023550,인천아람초등학교,274
A10023624,인천이음초등학교,295
A10023746,인천이음초등학교,28
A10024161,인천아람초등학교,1
A10024163,인천한별초등학교,28
A10024268,인천한별초등학교,69
A40432001,인천창신초등학교,281
A40432002,인천창신초등학교,207
A40432003,인천창신초등학교,230
A40433001,인천금곡초등학교,55
A40433002,인천금곡초등학교,8
A10022450,인천단봉초등학교,15
A10024329,인천단봉초등학교,286
A40429001,인천왕길초등학교,18
A40429002,인천왕길초등학교,30
A40429003,인천왕길초등학교,21
A40429004,인천왕길초등학교,143
A40429005,인천왕길초등학교,237
A40473606,인천왕길초등학교,4
A40473607,인천왕길초등학교,70
A10023913,인천불로초등학교,71
A40427002,인천불로초등학교,314
A40427005,인천목향초등학교,346
A40427006,인천목향초등학교,25
A40427007,인천목향초등학교,235
A40427008,인천불로초등학교,29
A40427009,인천불로초등학교,28
A40477510,인천목향초등학교,0
A40477511,인천목향초등학교,266
A10023941,인천경연초등학교,0
A10023957,인천경연초등학교,0
A10024874,인천해원초등학교,172
A10025726,인천경연초등학교,97
A10025862,인천경연초등학교,39
A10025972,인천청호초등학교,333
A10026408,인천청람초등학교,0
A10026453,인천경연초등학교,297
A10027235,인천초은초등학교,172
A40470301,인천초은초등학교,20
A40470302,인천청라초등학교,23
A40470303,인천청라초등학교,138
A40470304,인천청라초등학교,151
A40470305,인천청라초등학교,185
A40470306,인천청라초등학교,185
A40470307,인천초은초등학교,171
A40470308,인천청라초등학교,20
A40470309,인천초은초등학교,185
A40470310,인천초은초등학교,174
A40470311,인천초은초등학교,246
A40470312,인천청라초등학교,140
A40470313,인천청라초등학교,226
A40471903,인천경명초등학교,259
A40471904,인천도담초등학교,229
A40471905,인천청일초등학교,261
A40471906,인천도담초등학교,22
A40471907,인천해원초등학교,25
A40471908,인천경명초등학교,206
A40471909,인천해원초등학교,118
A40471910,인천해원초등학교,284
A40471911,인천해원초등학교,166
A40471912,인천해원초등학교,1
A40471913,인천청람초등학교,259
A40471914,인천경명초등학교,0
A40471915,인천해원초등학교,122
A40471916,인천청람초등학교,23
A40471917,인천해원초등학교,47
A40471918,인천해원초등학교,53
A40471919,인천해원초등학교,284
A40471920,인천청일초등학교,0
A40471921,인천도담초등학교,221
A40471923,인천청일초등학교,56
A40471924,인천경명초등학교,74
A41780101,갑룡초등학교,212
A44077501,파장초등학교,111
A44077502,수일초등학교,210
A44085102,파장초등학교,53
A44085201,수일초등학교,170
A10021764,송정초등학교,307
A10024170,송림초등학교,74
A44030004,대평초등학교,1
A44030005,다솔초등학교,36
A44070703,정자초등학교,45
A44070706,정자초등학교,128
A44070707,정자초등학교,31
A44071901,수원동신초등학교,25
A44071902,대평초등학교,1
A44071906,수원동신초등학교,43
A44071908,수원동신초등학교,0
A44071909,수원동신초등학교,26
A44072003,대평초등학교,314
A44072010,대평초등학교,43
A44072102,송림초등학교,29
A44072107,송림초등학교,167
A44072108,송림초등학교,103
A44072110,송림초등학교,19
A44072111,명인초등학교,171
A44072209,명인초등학교,9
A44072211,명인초등학교,20
A44072212,명인초등학교,260
A44072805,대평초등학교,242
A44072806,천천초등학교,153
A44073307,효천초등학교,6
A44073411,효천초등학교,103
A44073504,효천초등학교,23
A44083103,명인초등학교,208
A44083104,명인초등학교,201
A44083704,정자초등학교,161
A44083801,정자초등학교,355
A44084005,파장초등학교,331
A44084206,송림초등학교,50
A44070601,다솔초등학교,294
A10022125,상률초등학교,278
A44070509,율전초등학교,336
A44072408,상률초등학교,166
A44072412,상률초등학교,7
A44072413,상률초등학교,80
A44072414,상률초등학교,160
A44072611,율전초등학교,6
A44073707,율전초등학교,202
A44073805,상률초등학교,148
A44082602,율전초등학교,60
A44082703,율전초등학교,273
A44033001,천천초등학교,112
A44033010,정천초등학교,1
A44071006,천일초등학교,26
A44071301,천일초등학교,14
A44071704,천천초등학교,230
A44072307,천일초등학교,225
A44072503,천일초등학교,121
A44072702,천일초등학교,16
A44073008,천천초등학교,80
A44073205,천천초등학교,19
A10021945,영화초등학교,289
A44081601,화홍초등학교,337
A10020923,한일초등학교,92
A10027135,송죽초등학교,222
A44021001,한일초등학교,0
A44021003,송죽초등학교,373
A44080402,송죽초등학교,8
A44070201,송원초등학교,40
A44070202,송원초등학교,87
A44070801,영화초등학교,334
A44070904,송원초등학교,20
A44071602,수성초등학교,4
A44071603,수성초등학교,245
A10022066,창용초등학교,181
A44080701,창용초등학교,90
A44080703,창용초등학교,32
A10027921,세류초등학교,271
A10027961,세류초등학교,0
A44111001,수원신곡초등학교,209
A44174403,권선초등학교,395
A44175403,수원신곡초등학교,254
A44175501,수원신곡초등학교,318
A44175502,수원신곡초등학교,374
A44187701,수원신곡초등학교,240
A44172603,고현초등학교,134
A44172605,고현초등학교,239
A44172807,고색초등학교,27
A44172904,고색초등학교,0
A44176406,고색초등학교,229
A10027422,오현초등학교,318
A44135003,오현초등학교,189
A44135004,오목초등학교,256
A44175602,오목초등학교,70
A44175707,오목초등학교,381
A44176505,오현초등학교,25
A44176506,오현초등학교,56
A44176609,오목초등학교,21
A10024203,서평초등학교,306
A44175302,구운초등학교,16
A44175303,구운초등학교,109
A44176304,서평초등학교,0
A44173004,구운초등학교,73
A44173006,일월초등학교,158
A44173101,구운초등학교,0
A44173202,일월초등학교,21
A44173303,일월초등학교,153
A44173405,일월초등학교,0
A10021480,탑동초등학교,351
A44175801,탑동초등학교,47
A44175902,효탑초등학교,74
A10025992,수원가온초등학교,1
A10026885,칠보초등학교,190
A10027067,칠보초등학교,109
A44170408,상촌초등학교,105
A44174602,수원금곡초등학교,92
A44174607,수원금곡초등학교,6
A44174608,수원중촌초등학교,160
A44174611,수원가온초등학교,173
A44174613,수원중촌초등학교,175
A44174704,칠보초등학교,3
A44174906,수원금곡초등학교,147
A44175005,칠보초등학교,97
A44184101,칠보초등학교,29
A44184103,칠보초등학교,0
A10025347,능실초등학교,37
A10025769,능실초등학교,58
A10026230,수원금호초등학교,0
A10026483,수원중촌초등학교,61
A10026603,수원금호초등학교,321
A10027150,능실초등학교,313
A10027696,능실초등학교,84
A10028092,호매실초등학교,133
A44170803,칠보초등학교,59
A44170804,호매실초등학교,31
A44174610,수원중촌초등학교,232
A44188401,칠보초등학교,169
A44188402,호매실초등학교,245
A44171101,안룡초등학교,247
A44171102,안룡초등학교,283
A44171103,안룡초등학교,353
A10021940,세곡초등학교,4
A10026835,수원선일초등학교,109
A10026938,수원선일초등학교,70
A10027295,곡정초등학교,32
A44171223,곡선초등학교,0
A44171418,수원선일초등학교,52
A44171501,곡선초등학교,379
A44171520,곡선초등학교,201
A44171614,곡선초등학교,15
A44171716,효정초등학교,118
A44171821,곡선초등학교,174
A44171822,곡선초등학교,298
A44171927,수원선일초등학교,0
A44172017,효정초등학교,8
A44172115,수원선일초등학교,207
A44172306,명당초등학교,209
A44172325,효정초등학교,52
A44173619,명당초등학교,17
A44173904,곡반초등학교,9
A44173909,곡반초등학교,15
A44173910,곡정초등학교,0
A44173911,곡정초등학교,341
A44173912,곡정초등학교,338
A44173913,선행초등학교,0
A44173914,곡정초등학교,28
A44174003,곡선초등학교,15
A44174010,명당초등학교,184
A44174207,명당초등학교,191
A44174213,명당초등학교,14
A44174302,곡반초등학교,12
A44174308,곡반초등학교,135
A44182326,세곡초등학교,139
A44182405,선행초등학교,15
A44183711,수원선일초등학교,237
A44183728,수원선일초등학교,19
A10022596,입북초등학교,275
A44147001,입북초등학교,14
A44175105,당수초등학교,19
A44175203,당수초등학교,211
A44176102,당수초등학교,61
A44176104,당수초등학교,175
A44176201,당수초등학교,366
A44213001,매산초등학교,98
A10026819,매산초등학교,291
A44278301,세류초등학교,192
A10022094,매산초등학교,142
A10021568,화양초등학교,117
A10023237,화양초등학교,121
A44215213,화홍초등학교,72
A44270401,화홍초등학교,233
A44270402,화서초등학교,8
A44271801,율현초등학교,130
A44271805,율현초등학교,9
A44271806,율현초등학교,228
A44271810,율현초등학교,132
A44271812,율현초등학교,28
A44271814,율현초등학교,15
A44271815,화양초등학교,20
A44271816,화홍초등학교,0
A44278207,숙지초등학교,2
A44278211,숙지초등학교,169
A44278215,숙지초등학교,2
A44285708,화홍초등학교,145
A44287003,율현초등학교,92
A44287004,송림초등학교,280
A44287009,숙지초등학교,117
A10022126,지동초등학교,287
A10023382,지동초등학교,26
A10021469,우만초등학교,163
A10022084,효성초등학교,220
A10023592,팔달초등학교,263
A44219001,팔달초등학교,10
A44219002,팔달초등학교,115
A44219003,우만초등학교,331
A44219004,우만초등학교,37
A44275001,우만초등학교,1
A44275103,팔달초등학교,18
A44275305,효성초등학교,28
A44275406,팔달초등학교,0
A44281603,효성초등학교,112
A44281604,효성초등학교,28
A10021928,수원매화초등학교,284
A10022172,인계초등학교,311
A10024542,수원매화초등학교,87
A10025519,인계초등학교,245
A44276209,수원매화초등학교,285
A44277301,인계초등학교,267
A44277305,인계초등학교,191
A44277306,매여울초등학교,1
A44277307,팔달초등학교,189
A44277308,수원매화초등학교,228
A44282607,수원매화초등학교,290
A44282703,인계초등학교,327
A44282801,인계초등학교,263
A44337202,산남초등학교,49
A44370501,원천초등학교,14
A44370903,동수원초등학교,0
A44371004,동수원초등학교,0
A44371204,원천초등학교,74
A44371607,매탄초등학교,185
A44371608,매탄초등학교,21
A44371706,원천초등학교,223
A44371808,매탄초등학교,26
A44371902,산남초등학교,389
A44372005,원천초등학교,19
A44375504,원일초등학교,210
A44379205,효동초등학교,22
A44379303,효동초등학교,29
A44379404,매현초등학교,45
A44379502,매현초등학교,49
A44379606,매현초등학교,6
A44379709,매현초등학교,155
A44379801,매현초등학교,24
A44380001,수원매화초등학교,155
A44380201,원천초등학교,154
A44380407,효원초등학교,5
A44380701,원천초등학교,51
A44384808,매탄초등학교,0
A10022659,수원매화초등학교,371
A10025483,광교호수초등학교,1
A10026001,매원초등학교,11
A10026076,매원초등학교,177
A44377204,매원초등학교,374
A44382202,원일초등학교,309
A44382404,원일초등학교,0
A10027037,광교초등학교,118
A10028125,신풍초등학교,369
A44376002,광교초등학교,93
A44376005,광교초등학교,140
A44376006,광교초등학교,130
A44376007,산의초등학교,89
A44376008,산의초등학교,103
A44376009,신풍초등학교,3
A44376010,신풍초등학교,178
A44376011,신풍초등학교,22
A44376012,산의초등학교,5
A44376013,신풍초등학교,53
A44376014,산의초등학교,19
A44376015,신풍초등학교,78
A44328001,매원초등학교,201
A44328002,이의초등학교,17
A44328004,이의초등학교,13
A44328005,산의초등학교,319
A44328006,이의초등학교,369
A44328008,매원초등학교,323
A10026903,대선초등학교,172
A44347002,신성초등학교,390
A44347003,영동초등학교,130
A44347004,영덕초등학교,51
A44347005,영덕초등학교,51
A44347006,신성초등학교,153
A44347007,영동초등학교,105
A44347008,신영초등학교,0
A44347009,영일초등학교,19
A44347010,신성초등학교,23
A44347011,영동초등학교,0
A44347012,영동초등학교,24
A44347013,영동초등학교,8
A44347014,청명초등학교,109
A44347015,청명초등학교,0
A44347016,신성초등학교,132
A44347017,신영초등학교,0
A44347018,청명초등학교,142
A44347019,신영초등학교,171
A44347020,황곡초등학교,1
A44347021,영덕초등학교,0
A44347022,영일초등학교,58
A44347023,영동초등학교,22
A44347024,영통초등학교,0
A44347025,신영초등학교,14
A44347026,황곡초등학교,20
A44347027,영일초등학교,368
A44372702,영통초등학교,49
A44378001,대선초등학교,170
A44678714,황곡초등학교,103
A10023427,글빛초등학교,240
A10023429,글빛초등학교,222
A10023611,글빛초등학교,26
A10023632,잠원초등학교,377
A10025621,망포초등학교,69
A10025715,망포초등학교,352
A10026799,망포초등학교,39
A10027247,대선초등학교,29
A10027249,대선초등학교,70
A44340001,대선초등학교,342
A44340003,대선초등학교,65
A44340004,잠원초등학교,375
A44340005,망포초등학교,16
A44340012,잠원초등학교,187
A44340013,대선초등학교,134
A44370614,잠원초등학교,0
A44370701,태장초등학교,62
A44370702,태장초등학교,235
A44370703,대선초등학교,294
A44370704,태장초등학교,53
A44370705,태장초등학교,309
A44374510,대선초등학교,0
A44374606,잠원초등학교,380
A44376808,태장초등학교,182
A44376911,태장초등학교,10
A44377009,태장초등학교,247
A44377707,잠원초등학교,24
A10021470,성남북초등학교,51
A10022065,성남북초등학교,95
A10022077,희망대초등학교,356
A10023197,성남초등학교,263
A10024631,성남신흥초등학교,177
A46170904,희망대초등학교,179
A46172303,희망대초등학교,16
A46172402,희망대초등학교,170
A46181001,희망대초등학교,313
A10028128,성남서초등학교,98
A46119001,성남서초등학교,6
A46119002,성남초등학교,145
A46182001,금빛초등학교,5
A46182002,성남초등학교,139
A46182801,성남서초등학교,14
A10023216,성수초등학교,316
A46118001,성남수정초등학교,335
A46170702,성수초등학교,346
A46170703,성남수정초등학교,188
A46170401,단대초등학교,153
A46170402,단대초등학교,44
A46170403,단대초등학교,6
A46172504,단대초등학교,142
A46180001,단대초등학교,6
A10023228,성남은행초등학교,326
A10023229,성남은행초등학교,368
A46171301,성남양지초등학교,5
A10021312,위례고운초등학교,306
A10024483,위례중앙초등학교,1
A10024817,위례한빛초등학교,279
A10025589,위례한빛초등학교,247
A10026777,위례중앙초등학교,10
A10026944,위례중앙초등학교,80
A10027277,위례푸른초등학교,98
A10027335,위례중앙초등학교,78
A10027509,위례고운초등학교,0
A10027595,위례푸른초등학교,0
A10027709,위례고운초등학교,27
A10027720,위례한빛초등학교,10
A10024122,왕남초등학교,162
A10024914,왕남초등학교,14
A10025350,왕남초등학교,9
A10025391,왕남초등학교,146
A46270703,검단초등학교,301
A46273302,검단초등학교,125
A46282401,성남중앙초등학교,89
A10023752,하원초등학교,75
A10024360,하원초등학교,30
A46270102,하원초등학교,21
A46280001,단남초등학교,18
A46280502,성남동초등학교,0
A46285003,하원초등학교,234
A46215001,상원초등학교,22
A46270901,중부초등학교,0
A46271003,성남은행초등학교,0
A46212002,중원초등학교,0
A46273001,중원초등학교,0
A46273103,상대원초등학교,142
A46273204,상대원초등학교,211
A46280601,상대원초등학교,40
A46280702,상대원초등학교,34
A10027842,성남여수초등학교,91
A46210001,성남여수초등학교,66
A46210002,성남여수초등학교,26
A46208001,도촌초등학교,0
A46208003,도촌초등학교,95
A46275205,도촌초등학교,195
A46275206,도촌초등학교,24
A46275208,도촌초등학교,21
A46271104,대하초등학교,165
A46271105,검단초등학교,340
A46271503,대하초등학교,313
A46273502,대하초등학교,12
A46283801,검단초등학교,61
A46283501,성남제일초등학교,12
A46283502,단남초등학교,134
A46283503,성남제일초등학교,77
A46374703,당촌초등학교,16
A46374805,당촌초등학교,0
A46374904,당촌초등학교,196
A46375006,당촌초등학교,195
A10026318,내정초등학교,0
A46377908,수내초등학교,109
A46385410,초림초등학교,14
A46385411,초림초등학교,105
A46391907,초림초등학교,14
A46392001,초림초등학교,131
A46392104,초림초등학교,14
A46392205,초림초등학교,105
A46392206,초림초등학교,105
A10024109,청솔초등학교,152
A46374428,한솔초등학교,59
A46374429,성남정자초등학교,308
A46375108,불정초등학교,15
A46375119,불정초등학교,37
A46375206,불정초등학교,0
A46375320,불정초등학교,37
A46375607,탄천초등학교,0
A46375711,탄천초등학교,14
A46378521,탄천초등학교,244
A46378626,성남신기초등학교,17
A46381114,성남정자초등학교,297
A46381313,탄천초등학교,55
A46383312,수내초등학교,160
A46383318,불정초등학교,159
A46383323,불정초등학교,168
A46383325,한솔초등학교,0
A46383329,한솔초등학교,14
A46384716,성남정자초등학교,363
A46385822,늘푸른초등학교,26
A46386328,성남정자초등학교,0
A46386703,늘푸른초등학교,239
A46386705,늘푸른초등학교,187
A46386710,늘푸른초등학교,184
A46386717,늘푸른초등학교,22
A46391330,한솔초등학교,57
A46393115,탄천초등학교,55
A46376107,서당초등학교,110
A46376303,서당초등학교,141
A46376502,서당초등학교,0
A46376605,서당초등학교,131
A46376704,서당초등학교,13
A46377208,서현초등학교,0
A46377309,분당초등학교,107
A46377610,서현초등학교,106
A46377706,분당초등학교,0
A46381901,양영초등학교,86
A46373111,성남매송초등학교,14
A46373315,성남매송초등학교,0
A46373404,이매초등학교,190
A46373506,성남매송초등학교,14
A46373614,이매초등학교,196
A46373705,이매초등학교,263
A46379708,안말초등학교,183
A46379807,이매초등학교,14
A46380601,성남매송초등학교,14
A46382903,안말초등학교,0
A46382909,하탑초등학교,162
A46382913,이매초등학교,0
A46382916,하탑초등학교,162
A46383002,안말초등학교,67
A46383010,안말초등학교,172
A46383012,안말초등학교,0
A46383017,안말초등학교,262
A10027088,상탑초등학교,296
A46378822,야탑초등학교,0
A46379226,야탑초등학교,232
A46381709,상탑초등학교,130
A46382710,돌마초등학교,65
A46383501,중탑초등학교,357
A46383519,중탑초등학교,63
A46384017,성남매송초등학교,380
A46391625,중탑초등학교,130
A46391815,중탑초등학교,8
A46392320,돌마초등학교,76
A46392716,돌마초등학교,7
A46392924,하탑초등학교,35
A46393018,돌마초등학교,287
A46393214,중탑초등학교,212
A46394212,상탑초등학교,14
A46394513,상탑초등학교,8
A46341001,판교초등학교,0
A46341003,낙생초등학교,217
A46341004,판교초등학교,10
A46341005,낙생초등학교,368
A46341007,판교초등학교,366
A46341008,판교초등학교,144
A46341012,판교초등학교,373
A46341013,판교초등학교,108
A10020890,보평초등학교,265
A46340001,성남송현초등학교,0
A46340002,성남송현초등학교,47
A46340003,성남송현초등학교,95
A46340004,보평초등학교,11
A46340005,보평초등학교,44
A46340006,성남송현초등학교,54
A46340007,성남송현초등학교,329
A46340008,보평초등학교,41
A46340009,성남송현초등학교,303
A46340010,보평초등학교,290
A46341010,신백현초등학교,51
A46374601,신백현초등학교,283
A46374602,신백현초등학교,31
A46374603,신백현초등학교,212
A46374604,보평초등학교,74
A46374605,신백현초등학교,86
A46374606,보평초등학교,167
A46374607,성남화랑초등학교,0
A46374608,성남화랑초등학교,30
A46371710,청솔초등학교,181
A46371804,청솔초등학교,217
A46372007,늘푸른초등학교,309
A46372305,청솔초등학교,14
A46372312,청솔초등학교,20
A46372411,청솔초등학교,14
A46372509,늘푸른초등학교,127
A46386908,늘푸른초등학교,123
A46394101,청솔초등학교,0
A10023454,불곡초등학교,230
A46370005,구미초등학교,7
A46370313,구미초등학교,114
A46370516,구미초등학교,176
A46370610,구미초등학교,16
A46371417,구미초등학교,83
A46371518,불곡초등학교,19
A46373820,성남미금초등학교,116
A46373915,성남미금초등학교,97
A46374012,성남미금초등학교,30
A46374321,성남미금초등학교,0
A46374323,오리초등학교,14
A46379414,오리초등학교,34
A46393404,불곡초등학교,0
A46393506,불곡초등학교,193
A46344001,운중초등학교,183
A46379102,산운초등학교,263
A46379103,운중초등학교,250
A46379104,산운초등학교,262
A46379105,운중초등학교,51
A46379107,운중초등학교,335
A46379108,산운초등학교,370
A46379110,운중초등학교,138
A10020984,판교대장초등학교,77
A10023326,판교대장초등학교,388
A10021354,신동초등학교,232
A10021609,의정부서초등학교,277
A10023988,경의초등학교,218
A10024129,의정부중앙초등학교,146
A10024738,신동초등학교,333
A10024753,경의초등학교,214
A10025036,의정부서초등학교,360
A10025113,의정부중앙초등학교,255
A10025334,의정부중앙초등학교,110
A10025401,신동초등학교,378
A10025405,경의초등학교,69
A10025407,신동초등학교,275
A10025424,신동초등학교,267
A10025916,의정부호동초등학교,302
A10026117,경의초등학교,270
A10026998,경의초등학교,266
A10027612,의정부중앙초등학교,190
A10027613,의정부중앙초등학교,187
A10028152,의정부서초등학교,200
A48076301,의정부호동초등학교,146
A48084001,신동초등학교,124
A48084401,의정부중앙초등학교,100
A48084701,경의초등학교,396
A10021420,회룡초등학교,54
A10021559,회룡초등학교,372
A10022044,의정부호동초등학교,7
A10022186,회룡초등학교,257
A10023532,호암초등학교,218
A10024931,의정부호동초등학교,230
A10025233,호암초등학교,41
A10025382,호암초등학교,339
A48002001,회룡초등학교,77
A48002003,회룡초등학교,133
A48002005,의정부호동초등학교,370
A48002008,동암초등학교,399
A48002009,동암초등학교,336
A48002010,의정부호동초등학교,300
A48002011,호암초등학교,126
A48002012,회룡초등학교,314
A48002014,의정부호원초등학교,12
A48002016,회룡초등학교,100
A48002018,의정부호원초등학교,66
A48002019,동암초등학교,306
A48002020,회룡초등학교,170
A48002022,의정부호동초등학교,125
A48002023,의정부호동초등학교,61
A48002024,의정부호동초등학교,185
A48002025,회룡초등학교,226
A48002026,의정부호원초등학교,168
A48002027,회룡초등학교,271
A48002028,동암초등학교,360
A48002029,의정부호동초등학교,108
A48002030,의정부호동초등학교,51
A48002031,호암초등학교,87
A48002032,의정부호동초등학교,307
A48002033,의정부호동초등학교,10
A48002034,호암초등학교,334
A48002035,호암초등학교,191
A48002036,의정부호원초등학교,136
A48002037,동암초등학교,306
A48077201,의정부호원초등학교,242
A48077202,의정부호동초등학교,246
A48086801,의정부호원초등학교,9
A10025742,동암초등학교,99
A10025882,동암초등학교,0
A48003001,의정부장암초등학교,148
A48003008,의정부장암초등학교,0
A48073504,의정부장암초등학교,35
A48076706,동암초등학교,75
A48077007,의정부장암초등학교,0
A48093803,서울누원초등학교,387
A48093804,서울누원초등학교,215
A10021364,의정부신곡초등학교,15
A10021579,의정부초등학교,258
A10024700,새말초등학교,70
A10026667,새말초등학교,218
A48007001,새말초등학교,290
A48007003,어룡초등학교,13
A48007101,신동초등학교,205
A48007111,의정부청룡초등학교,193
A48007113,의정부청룡초등학교,202
A48007117,발곡초등학교,0
A48007213,의정부신곡초등학교,133
A48007216,동오초등학교,0
A48072616,발곡초등학교,88
A48072806,의정부초등학교,150
A48072912,의정부초등학교,168
A48073114,의정부청룡초등학교,396
A48073415,의정부장암초등학교,20
A48074005,의정부신곡초등학교,1
A48074101,의정부신곡초등학교,71
A48074303,동오초등학교,20
A48074404,의정부신곡초등학교,36
A48074711,신동초등학교,121
A48074806,신동초등학교,122
A48076401,신동초등학교,119
A48076402,신동초등학교,9
A48076404,동오초등학교,22
A48079904,신동초등학교,25
A48086409,의정부효자초등학교,53
A48091214,새말초등학교,135
A48091312,의정부효자초등학교,85
A48093410,신동초등학교,0
A48093510,동오초등학교,213
A48093615,신동초등학교,175
A10024736,의정부용현초등학교,154
A10025436,의정부용현초등학교,85
A48074207,의정부용현초등학교,206
A48074210,의정부용현초등학교,145
A48075006,의정부부용초등학교,260
A48075008,솔뫼초등학교,256
A48075411,솔뫼초등학교,360
A48075605,솔뫼초등학교,341
A48075912,의정부부용초등학교,270
A48076008,솔뫼초등학교,43
A48083809,의정부용현초등학교,350
A48090113,어룡초등학교,8
A10026072,삼현초등학교,52
A10026530,삼현초등학교,27
A10026643,삼현초등학교,0
A10026920,의정부송산초등학교,1
A10027634,삼현초등학교,313
A48071301,삼현초등학교,0
A48071412,민락초등학교,128
A48071611,의정부부용초등학교,144
A48071910,민락초등학교,138
A48075007,삼현초등학교,100
A48086102,민락초등학교,0
A48086104,의정부부용초등학교,138
A48086113,민락초등학교,13
A48086201,오동초등학교,152
A48086306,의정부부용초등학교,0
A48090209,오동초등학교,203
A48090315,오동초등학교,9
A48090408,의정부부용초등학교,62
A48090505,오동초등학교,122
A48090703,의정부용현초등학교,56
A48093307,오동초등학교,7
A10025848,송양초등학교,131
A10025971,송양초등학교,214
A10026665,송양초등학교,313
A10026704,송양초등학교,253
A10026796,의정부송산초등학교,334
A10027220,의정부송산초등학교,298
A10027388,의정부송산초등학교,57
A10027975,송양초등학교,26
A48008001,송양초등학교,0
A10026030,동오초등학교,301
A48086509,의순초등학교,142
A48092306,금오초등학교,334
A48092607,동오초등학교,294
A48092612,동오초등학교,307
A48093010,의순초등학교,0
A10021727,가능초등학교,228
A48010001,의정부서초등학교,186
A48080001,배영초등학교,169
A48081502,가능초등학교,245
A10025897,녹양초등학교,290
A48012005,녹양초등학교,0
A48012009,녹양초등학교,149
A48071008,녹양초등학교,289
A48082604,녹양초등학교,203
A48090811,녹양초등학교,261
A48093103,버들개초등학교,43
A48093202,버들개초등학교,49
A10023596,고산초등학교,10
A10021017,안양초등학교,61
A10021746,신안초등학교,9
A10024178,덕천초등학교,237
A10026351,신안초등학교,180
A10027336,덕천초등학교,36
A43001002,만안초등학교,261
A43001003,안일초등학교,267
A43001005,신안초등학교,47
A43071005,안일초등학교,0
A43071202,안일초등학교,121
A43071701,안양서초등학교,192
A43073101,명학초등학교,283
A43075306,안일초등학교,342
A43075603,안양서초등학교,207
A43081502,덕천초등학교,1
A43081801,관모초등학교,43
A43083401,신안초등학교,384
A43083402,신안초등학교,232
A43083502,신안초등학교,309
A43083603,안양서초등학교,202
A43083604,안양양지초등학교,43
A43083607,신안초등학교,346
A43084203,안양서초등학교,30
A43084204,안양서초등학교,272
A43085501,신안초등학교,280
A43070506,삼성초등학교,355
A43070603,화창초등학교,260
A43070605,연현초등학교,20
A43070705,연현초등학교,60
A43070804,삼성초등학교,263
A43070902,석수초등학교,105
A43070903,석수초등학교,247
A43073804,삼성초등학교,0
A43076003,삼성초등학교,68
A43080402,삼성초등학교,64
A43080405,삼성초등학교,59
A43080701,화창초등학교,50
A10026687,삼봉초등학교,240
A43003001,삼봉초등학교,18
A43003002,삼봉초등학교,344
A43070306,박달초등학교,311
A43072203,박달초등학교,292
A43080001,박달초등학교,365
A43080207,삼봉초등학교,9
A43080302,박달초등학교,16
A43080304,박달초등학교,62
A43084801,박달초등학교,143
A43105001,샘모루초등학교,6
A43105004,샘모루초등학교,251
A43105102,안양동초등학교,51
A43171903,달안초등학교,26
A43173101,희성초등학교,157
A43173304,안양부흥초등학교,31
A43173403,안양부흥초등학교,25
A43173602,안양중앙초등학교,257
A43175702,안양부흥초등학교,171
A43175801,안양중앙초등학교,102
A43176201,안양중앙초등학교,7
A43178907,안양부흥초등학교,1
A43181101,희성초등학교,8
A43181102,희성초등학교,11
A43181605,안양부흥초등학교,1
A43181606,안양부흥초등학교,20
A43182003,안양중앙초등학교,197
A10027233,부림초등학교,94
A43106002,안양부안초등학교,11
A43106003,부림초등학교,10
A43106004,해오름초등학교,26
A43106005,해오름초등학교,25
A43106006,해오름초등학교,33
A43106007,해오름초등학교,168
A43106008,부림초등학교,338
A43171401,관양초등학교,59
A43171701,인덕원초등학교,1
A43172905,안양부안초등학교,25
A43173004,안양부안초등학교,34
A43178101,안양부안초등학교,12
A43178203,안양부안초등학교,18
A43178402,부림초등학교,95
A43181406,부림초등학교,75
A10021440,벌말초등학교,176
A43107001,벌말초등학교,320
A43107002,나눔초등학교,10
A43107003,벌말초등학교,29
A43107006,평촌초등학교,244
A43107007,벌말초등학교,6
A43170603,민백초등학교,11
A43170702,귀인초등학교,1
A43170807,귀인초등학교,11
A43170906,민백초등학교,1
A43171008,귀인초등학교,100
A43171305,민백초등학교,38
A43174208,귀인초등학교,31
A43174209,귀인초등학교,65
A43174404,민백초등학교,184
A43174605,동안초등학교,25
A43174707,동안초등학교,194
A43175501,벌말초등학교,262
A43176901,민백초등학교,82
A43176904,민백초등학교,11
A43179302,평촌초등학교,10
A43179403,평촌초등학교,42
A43179506,평촌초등학교,9
A43179705,나눔초등학교,21
A43182901,동안초등학교,0
A43182909,동안초등학교,49
A10020480,호계초등학교,236
A10022189,호계초등학교,0
A10022422,호성초등학교,387
A10022887,호계초등학교,364
A10023559,호원초등학교,161
A10023850,호성초등학교,287
A10024427,호원초등학교,16
A10025336,안양덕현초등학교,177
A10026306,안양덕현초등학교,94
A10027885,호원초등학교,4
A43108001,호성초등학교,52
A43108002,호계초등학교,68
A43108005,범계초등학교,82
A43108009,범계초등학교,144
A43108010,호성초등학교,260
A43108011,호원초등학교,0
A43108013,호성초등학교,265
A43108304,호성초등학교,263
A43170201,안양남초등학교,183
A43170303,안양남초등학교,1
A43170402,안양남초등학교,9
A43172201,평촌초등학교,240
A43173804,안양신기초등학교,85
A43173902,안양신기초등학교,57
A43174001,안양신기초등학교,0
A43174105,안양신기초등학교,231
A43175108,호원초등학교,0
A43175109,호계초등학교,147
A43176406,호성초등학교,18
A43176503,호계초등학교,301
A43177403,범계초등학교,46
A43177507,범계초등학교,9
A43177605,범계초등학교,25
A43179103,안양신기초등학교,25
A43179104,안양신기초등학교,33
A43179105,안양신기초등학교,25
A43181206,범계초등학교,51
A43181302,평촌초등학교,244
A43183405,호성초등학교,20
A43183606,호계초등학교,116
A43183702,호계초등학교,161
A43183704,호계초등학교,0
A43190103,호성초등학교,150
A10021456,광일초등학교,306
A10021882,광일초등학교,9
A10024531,광문초등학교,350
A42301001,광명남초등학교,193
A42301002,광명서초등학교,123
A42301501,광명서초등학교,14
A42376401,광일초등학교,16
A42377301,광일초등학교,296
A42377601,광일초등학교,224
A42381901,광문초등학교,165
A42381902,광문초등학교,101
A42385801,광명서초등학교,279
A10024321,광명광덕초등학교,1
A10027643,광명광덕초등학교,166
A42303001,광명광덕초등학교,10
A42303002,광명광덕초등학교,33
A42303003,광명북초등학교,174
A42303401,광명광덕초등학교,19
A42370301,철산초등학교,1
A42370302,안현초등학교,37
A42382903,광명북초등학교,241
A42383004,광명북초등학교,35
A42383508,광명광성초등학교,4
A42383601,광명광성초등학교,341
A42383705,철산초등학교,174
A42306001,하안남초등학교,21
A42374401,철산초등학교,44
A42374402,안현초등학교,0
A42375506,가림초등학교,0
A42384501,연서초등학교,15
A42384502,하일초등학교,0
A42384503,연서초등학교,16
A42384702,하안초등학교,183
A42384704,하안초등학교,3
A42385005,하안남초등학교,0
A42385203,가림초등학교,30
A42385302,가림초등학교,15
A42385402,하안북초등학교,74
A42385501,하일초등학교,133
A42385503,하일초등학교,211
A42305001,소하초등학교,148
A42305002,구름산초등학교,31
A42305003,구름산초등학교,65
A42305004,구름산초등학교,94
A42305006,소하초등학교,395
A42370101,소하초등학교,204
A42370102,구름산초등학교,147
A42370103,구름산초등학교,0
A42370104,소하초등학교,205
A42371501,충현초등학교,351
A42371502,충현초등학교,7
A42371503,충현초등학교,88
A42371504,충현초등학교,149
A42371505,충현초등학교,191
A42382101,구름산초등학교,246
A42382103,구름산초등학교,269
A42382104,구름산초등학교,236
A42382302,서면초등학교,162
A42382501,서면초등학교,292
A42382503,서면초등학교,241
A42382504,서면초등학교,293
A42382505,서면초등학교,388
A42386002,구름산초등학교,293
A10026455,빛가온초등학교,204
A10026890,빛가온초등학교,264
A10026891,빛가온초등학교,51
A10025078,지장초등학교,233
A10025872,서정리초등학교,187
A10026167,서정리초등학교,157
A10026243,서정리초등학교,29
A10026341,서정리초등학교,226
A10026698,서정리초등학교,220
A10026699,서정리초등학교,216
A10027216,서정리초등학교,273
A10027217,서정리초등학교,242
A10027288,서정리초등학교,250
A45971805,지장초등학교,115
A45971902,지장초등학교,309
A45972007,지장초등학교,29
A45972008,서정리초등학교,86
A45972204,송현초등학교,247
A10026550,장당초등학교,15
A10026567,장당초등학교,153
A45902001,장당초등학교,162
A45970302,장당초등학교,69
A45970304,장당초등학교,198
A45970305,장당초등학교,157
A45970403,장당초등학교,16
A10024174,평택새빛초등학교,128
A10025196,평택새빛초등학교,92
A10025260,평택새빛초등학교,1
A10025311,평택새빛초등학교,43
A45973701,송탄초등학교,175
A10020533,이충초등학교,27
A10024225,서정리초등학교,104
A10025812,서정리초등학교,203
A10025918,서정리초등학교,98
A10027530,서정리초등학교,116
A10027644,서정리초등학교,161
A45903002,이충초등학교,178
A45903003,장당초등학교,347
A45903011,반지초등학교,17
A45973108,이충초등학교,12
A45973210,이충초등학교,22
A45973312,반지초등학교,101
A45973413,반지초등학교,7
A45974404,이충초등학교,17
A45974407,이충초등학교,13
A45974409,이충초등학교,24
A45974505,반지초등학교,19
A45974506,서정리초등학교,362
A10020897,평택지산초등학교,342
A10025636,평택지산초등학교,316
A45974710,평택지산초등학교,11
A45974711,송북초등학교,138
A45974802,평택지산초등학교,0
A45975307,송현초등학교,77
A45975401,평택지산초등학교,264
A45975506,평택지산초등학교,259
A45975604,평택지산초등학교,189
A45975705,평택지산초등학교,20
A45975908,송북초등학교,55
A45970701,송북초등학교,24
A45970803,송북초등학교,80
A45970906,송북초등학교,319
A45971402,송북초등학교,247
A45971505,송북초등학교,349
A10022050,송신초등학교,245
A10025532,평택성동초등학교,333
A10026231,평택성동초등학교,351
A45075802,비전초등학교,300
A45075901,비전초등학교,262
A45076003,평택초등학교,134
A45070601,군문초등학교,211
A45070602,군문초등학교,3
A10025198,평택성동초등학교,220
A45083202,합정초등학교,315
A10021640,평일초등학교,145
A10021762,평일초등학교,64
A10022013,평일초등학교,214
A10025634,덕동초등학교,88
A10027479,평택이화초등학교,348
A10027597,평택이화초등학교,19
A10027658,자란초등학교,61
A10028126,자란초등학교,5
A45015002,비전초등학교,134
A45015003,평일초등학교,159
A45015005,비전초등학교,153
A45015006,자란초등학교,237
A45015007,자란초등학교,136
A45015008,평택이화초등학교,190
A45015009,덕동초등학교,242
A45015010,평택이화초등학교,124
A45072102,비전초등학교,231
A45072303,덕동초등학교,40
A45072407,소사벌초등학교,116
A45072511,평일초등학교,346
A45072704,소사벌초등학교,127
A45072705,소사벌초등학교,157
A45072802,평일초등학교,183
A45072914,덕동초등학교,83
A45073015,소사벌초등학교,253
A45073109,소사벌초등학교,300
A45073313,소사벌초등학교,18
A45073401,소사벌초등학교,0
A45073517,소사벌초등학교,196
A45073716,덕동초등학교,0
A45073808,덕동초등학교,20
A45074505,덕동초등학교,265
A45076412,소사벌초등학교,0
A45076518,덕동초등학교,117
A10023390,평택모산초등학교,316
A10024611,평택모산초등학교,48
A10024656,평택모산초등학교,112
A10025760,평택서재초등학교,206
A10026568,평택서재초등학교,34
A10026576,동삭초등학교,52
A45071602,동삭초등학교,42
A45071703,동삭초등학교,191
A45080301,동삭초등학교,81
A10025806,세아초등학교,14
A45073901,세교초등학교,13
A45074007,세교초등학교,106
A45074104,평택중앙초등학교,26
A45074302,평택중앙초등학교,21
A45074405,세교초등학교,16
A45074603,세교초등학교,0
A45081806,세교초등학교,111
A10023636,현촌초등학교,339
A10025543,용죽초등학교,173
A10025692,용죽초등학교,240
A10026044,용죽초등학교,26
A10026247,용죽초등학교,23
A10026446,용죽초등학교,204
A10026609,용이초등학교,239
A10026629,용이초등학교,73
A10027232,용죽초등학교,30
A10027738,현촌초등학교,21
A10027750,현촌초등학교,81
A10028072,현촌초등학교,134
A45013001,용이초등학교,183
A45070101,용이초등학교,184
A45070102,용이초등학교,16
A10024266,가내초등학교,215
A10025595,배다리초등학교,47
A10026199,배다리초등학교,276
A10026354,가내초등학교,5
A10026695,배다리초등학교,82
A10026872,가내초등학교,125
A10027158,가내초등학교,66
A10027182,가내초등학교,276
A10023510,고덕초등학교,343
A10023723,고덕초등학교,302
A10023729,종덕초등학교,374
A10024097,율포초등학교,100
A10024202,종덕초등학교,199
A10024576,율포초등학교,76
A10024900,종덕초등학교,273
A10025151,종덕초등학교,194
A10025274,종덕초등학교,303
A10025363,종덕초등학교,126
A10025431,종덕초등학교,1
A45170105,평택송화초등학교,90
A45170203,평택송화초등학교,90
A45170304,평택송화초등학교,15
A45170406,평택송화초등학교,138
A45180101,평택송화초등학교,203
A45176316,현화초등학교,23
A45176502,현화초등학교,89
A45176505,현일초등학교,19
A45176604,현화초등학교,0
A45176607,평택안일초등학교,50
A45176806,현화초등학교,8
A45178014,평택안일초등학교,7
A45178112,현일초등학교,7
A45178113,현일초등학교,106
A45188104,현일초등학교,36
A45188508,평택안일초등학교,158
A45188511,평택안일초등학교,51
A45188517,평택안일초등학교,7
A45176705,내기초등학교,271
A45176706,내기초등학교,326
A10027620,평택도곡초등학교,309
A10028187,평택도곡초등학교,311
A45178208,평택도곡초등학교,76
A45178210,평택도곡초등학교,100
A45178307,평택도곡초등학교,0
A45178311,평택도곡초등학교,87
A10026596,청옥초등학교,359
A10027273,평택청아초등학교,0
A10027486,평택청아초등학교,285
A45183101,청옥초등학교,24
A45183102,청옥초등학교,42
A45183103,청옥초등학교,215
A45183104,청옥초등학교,23
A45183105,청옥초등학교,3
A45183106,청옥초등학교,38
A45183107,평택청아초등학교,76
A10024400,효덕초등학교,112
A45174102,효덕초등학교,8
A45184101,효덕초등학교,375
A10024184,이담초등학교,51
A48301003,동두천송내초등학교,35
A48373801,이담초등학교,163
A48375404,동두천송내초등학교,1
A48375502,동두천송내초등학교,49
A48302002,지행초등학교,74
A48302004,지행초등학교,277
A48302007,지행초등학교,263
A48370501,지행초등학교,269
A48373909,동두천신천초등학교,375
A48373910,지행초등학교,202
A48373911,동두천신천초등학교,21
A48373912,지행초등학교,54
A48374208,동두천신천초등학교,23
A48374903,동두천신천초등학교,376
A48375111,이담초등학교,7
A48375210,이담초등학교,28
A10024548,사동초등학교,152
A48303001,생연초등학교,231
A48303002,동두천신천초등학교,238
A48303006,생연초등학교,272
A48303008,생연초등학교,281
A48303010,사동초등학교,21
A48370314,생연초등학교,301
A48370316,생연초등학교,188
A48371103,보산초등학교,26
A48371201,동두천초등학교,140
A48371302,사동초등학교,71
A48371701,사동초등학교,189
A10027625,동보초등학교,137
A42685701,학현초등학교,200
A42685702,학현초등학교,213
A10020657,성안초등학교,232
A10024584,안산해솔초등학교,132
A10025014,안산해솔초등학교,1
A10025108,초당초등학교,179
A42617204,시곡초등학교,201
A42673901,성안초등학교,24
A42682401,시곡초등학교,20
A42682402,시곡초등학교,0
A42682403,시곡초등학교,188
A42682405,시곡초등학교,38
A42682407,시곡초등학교,46
A42682408,시곡초등학교,20
A42689401,성안초등학교,225
A42689402,성안초등학교,49
A42689405,성안초등학교,19
A42689406,성안초등학교,39
A42690102,안산해양초등학교,0
A42690103,안산청석초등학교,44
A42690104,안산청석초등학교,0
A42690105,안산양지초등학교,313
A42618201,본오초등학교,126
A42672901,본원초등학교,200
A42681501,상록초등학교,243
A42681502,상록초등학교,222
A42681503,상록초등학교,225
A42681504,상록초등학교,0
A42681505,상록초등학교,0
A10026018,경일초등학교,349
A42683701,성포초등학교,108
A42683703,성포초등학교,349
A42683704,경일초등학교,14
A42683705,성포초등학교,43
A42683706,성포초등학교,0
A42683707,경일초등학교,0
A42685302,안산광덕초등학교,153
A42685303,삼일초등학교,0
A42685304,삼일초등학교,219
A42685305,안산광덕초등학교,153
A42685306,삼일초등학교,25
A42620001,팔곡초등학교,248
A10020325,안산창촌초등학교,341
A10024858,안산창촌초등학교,0
A42621002,반월초등학교,134
A42621003,안산창촌초등학교,147
A10025832,안산중앙초등학교,39
A10027619,안산양지초등학교,174
A42580503,덕성초등학교,0
A42580504,덕성초등학교,20
A42580505,덕성초등학교,60
A42580506,안산중앙초등학교,19
A42580507,안산중앙초등학교,105
A42590607,슬기초등학교,258
A42590608,안산양지초등학교,288
A42590609,안산진흥초등학교,266
A42590610,송호초등학교,295
A42590611,안산양지초등학교,124
A42590612,송호초등학교,54
A42590613,송호초등학교,248
A42590614,안산양지초등학교,0
A42590615,송호초등학교,2
A42590616,안산진흥초등학교,0
A42590617,송호초등학교,55
A42590618,슬기초등학교,0
A42577401,신길초등학교,20
A42577402,안산대월초등학교,17
A42577403,안산대월초등학교,160
A42577404,안산대월초등학교,230
A42577405,안산대월초등학교,28
A42577406,안산대월초등학교,55
A42583801,신길초등학교,316
A42583802,안산대월초등학교,55
A42583804,신길초등학교,347
A42583805,신길초등학교,0
A42583806,신길초등학교,180
A42586603,초지초등학교,280
A42586606,초지초등학교,207
A42586608,별망초등학교,170
A42586609,초지초등학교,156
A42586610,별망초등학교,149
A42586611,안산호원초등학교,0
A42586612,안산호원초등학교,20
A42587507,초지초등학교,0
A42587813,별망초등학교,2
A42587914,별망초등학교,233
A42513001,안산서초등학교,38
A42513201,관산초등학교,144
A42513202,안산서초등학교,19
A42513203,관산초등학교,23
A10024568,원일초등학교,15
A10025039,원일초등학교,22
A10025714,안산화정초등학교,298
A10026028,안산석수초등학교,320
A42514001,선일초등학교,311
A42514103,화랑초등학교,114
A42514105,화랑초등학교,262
A42514106,화랑초등학교,262
A42514302,선부초등학교,20
A42514303,선부초등학교,0
A42575907,화랑초등학교,114
A42576201,정지초등학교,242
A42576601,선부초등학교,130
A42582601,선일초등학교,70
A42583104,정지초등학교,20
A10021453,원당초등학교,383
A10024451,성라초등학교,368
A41201003,원당초등학교,223
A41280902,원당초등학교,243
A41281001,원당초등학교,264
A10026855,신원초등학교,43
A10027395,신원초등학교,180
A10027924,신원초등학교,202
A41207002,신원초등학교,20
A41207003,고양오금초등학교,367
A41207004,신원초등학교,182
A41207005,신원초등학교,386
A41215001,고양오금초등학교,108
A10023860,원흥초등학교,43
A10023885,원흥초등학교,43
A10025268,원흥초등학교,0
A10027256,원흥초등학교,111
A41204001,삼송초등학교,45
A41204002,삼송초등학교,20
A41204003,삼송초등학교,250
A10026532,흥도초등학교,17
A10026803,흥도초등학교,315
A10027923,도래울초등학교,0
A41206002,도래울초등학교,116
A41206003,흥도초등학교,28
A41202001,성사초등학교,392
A41202002,성사초등학교,0
A41280801,성라초등학교,381
A41280802,성라초등학교,15
A41280803,성라초등학교,32
A41280804,성라초등학교,246
A41280805,성라초등학교,254
A41280806,성라초등학교,134
A41280807,성라초등학교,99
A41280808,성라초등학교,7
A10024263,지축초등학교,31
A10025162,지축초등학교,167
A10025170,지축초등학교,32
A10025328,지효초등학교,198
A10027815,삼송초등학교,381
A10027927,고양동산초등학교,395
A10028166,고양동산초등학교,271
A41209002,고양동산초등학교,76
A10021917,고양초등학교,17
A41251001,목암초등학교,347
A41251002,목암초등학교,152
A41251003,목암초등학교,101
A41251004,목암초등학교,12
A41251005,목암초등학교,193
A41277901,목암초등학교,97
A41277902,목암초등학교,132
A41280002,고양초등학교,119
A41280101,고양초등학교,298
A41280104,고양초등학교,133
A41280105,고양초등학교,27
A41276501,고양관산초등학교,364
A41280201,고양관산초등학교,108
A41280202,고양관산초등학교,288
A41280403,고양관산초등학교,1
A41271502,토당초등학교,386
A41281603,능곡초등학교,279
A41281604,능곡초등학교,383
A41281605,능곡초등학교,221
A41281607,능곡초등학교,309
A41281706,능곡초등학교,43
A41281708,능곡초등학교,98
A41282101,토당초등학교,356
A41282102,토당초등학교,274
A41227205,고양화정초등학교,202
A41227208,고양화정초등학교,23
A41227212,고양화정초등학교,138
A41273301,화중초등학교,360
A41273302,용정초등학교,178
A41275901,고양화정초등학교,18
A41279101,백양초등학교,155
A41282601,용정초등학교,119
A41282602,용정초등학교,245
A41282603,고양화수초등학교,79
A41282604,고양화수초등학교,79
A41282605,고양화수초등학교,0
A41282606,화중초등학교,0
A41282701,지도초등학교,36
A41282702,백양초등학교,12
A41282703,백양초등학교,11
A41282704,지도초등학교,20
A41282706,지도초등학교,20
A41282711,지도초등학교,0
A10025669,아람초등학교,197
A41222001,가람초등학교,127
A41222002,토당초등학교,59
A41222003,무원초등학교,157
A41222004,신능초등학교,8
A41222005,서정초등학교,128
A41222006,아람초등학교,87
A41222007,신능초등학교,164
A41222103,가람초등학교,332
A41222107,행신초등학교,195
A41222109,성신초등학교,19
A41222111,지도초등학교,172
A41222112,성신초등학교,0
A41222113,가람초등학교,113
A41222114,행신초등학교,0
A41222201,행남초등학교,223
A41222202,무원초등학교,169
A41222204,소만초등학교,26
A41222205,고양용현초등학교,1
A41222206,행남초등학교,102
A41222207,행남초등학교,27
A41222208,무원초등학교,9
A41222209,행남초등학교,9
A41222211,소만초등학교,0
A41222212,소만초등학교,21
A41222214,소만초등학교,9
A41222215,무원초등학교,0
A41222216,행남초등학교,176
A41222218,고양용현초등학교,121
A41222301,서정초등학교,117
A41222302,아람초등학교,24
A41222303,아람초등학교,10
A41222304,서정초등학교,0
A41222305,아람초등학교,154
A41271701,행신초등학교,0
A41271901,성신초등학교,20
A41271902,가람초등학교,11
A41271903,성신초등학교,100
A41272401,행남초등학교,145
A41282401,신능초등학교,96
A41282402,신능초등학교,117
A41282406,신능초등학교,110
A41282503,무원초등학교,165
A41282510,고양용현초등학교,9
A41282513,무원초등학교,301
A10024517,향동초등학교,267
A10024601,향동초등학교,357
A10024957,향동초등학교,30
A10025150,향동초등학교,190
A10025333,향동초등학교,5
A10025429,향동숲내초등학교,126
A10025441,향동숲내초등학교,21
A10025582,향동숲내초등학교,66
A41077301,원중초등학교,329
A41077302,양일초등학교,65
A41077304,원중초등학교,20
A41077305,양일초등학교,18
A41077306,양일초등학교,347
A41077307,원중초등학교,235
A41082001,일산은행초등학교,0
A41082102,일산은행초등학교,12
A10020799,중산초등학교,203
A10025251,모당초등학교,160
A10026142,모당초등학교,60
A41031501,하늘초등학교,268
A41031503,하늘초등학교,259
A41031504,하늘초등학교,16
A41031505,모당초등학교,0
A41072706,고봉초등학교,26
A41072707,고봉초등학교,4
A41072708,안곡초등학교,28
A41072709,중산초등학교,108
A41072710,중산초등학교,109
A41072711,중산초등학교,246
A41072712,중산초등학교,22
A41072713,안곡초등학교,1
A41072714,중산초등학교,0
A41072715,모당초등학교,45
A41072716,안곡초등학교,133
A41072902,중산초등학교,21
A41131214,중산초등학교,365
A41182219,고봉초등학교,43
A10025275,한류초등학교,44
A41083704,호수초등학교,124
A41083705,호수초등학교,295
A41083708,호수초등학교,269
A41083709,호수초등학교,12
A41083710,호수초등학교,0
A41070906,백마초등학교,51
A41081002,백마초등학교,15
A41081003,백마초등학교,50
A41081004,정발초등학교,136
A41081005,정발초등학교,169
A41081007,백마초등학교,0
A41081101,낙민초등학교,246
A41081102,낙민초등학교,100
A41081103,정발초등학교,150
A41081104,낙민초등학교,0
A41081105,정발초등학교,0
A41081106,낙민초등학교,15
A41081107,낙민초등학교,50
A41081108,낙민초등학교,50
A41036004,고양백석초등학교,0
A41036005,백신초등학교,196
A41036006,금계초등학교,167
A41036007,고양백석초등학교,63
A41036008,고양백석초등학교,63
A41036009,고양백석초등학교,368
A41036010,고양백석초등학교,149
A41036011,고양백석초등학교,154
A41036013,백신초등학교,230
A41036014,고양백석초등학교,16
A41036015,백신초등학교,24
A41036016,고양백석초등학교,9
A41036017,백신초등학교,226
A41033004,풍산초등학교,0
A41033006,풍산초등학교,0
A41033008,풍동초등학교,155
A41033009,다솜초등학교,250
A41033010,풍산초등학교,14
A41033014,풍동초등학교,0
A41078301,풍산초등학교,240
A41078302,풍동초등학교,9
A41078303,다솜초등학교,45
A41078304,다솜초등학교,12
A41084202,냉천초등학교,329
A41084211,일산은행초등학교,226
A41084301,풍산초등학교,393
A41084305,풍산초등학교,94
A41084312,풍산초등학교,101
A41053001,벽제초등학교,305
A41053002,벽제초등학교,278
A41053003,벽제초등학교,308
A10021193,현산초등학교,32
A10022069,현산초등학교,196
A10023446,일산초등학교,52
A41131001,일산초등학교,327
A41131002,한뫼초등학교,124
A41131104,한뫼초등학교,12
A41131207,안곡초등학교,333
A41131211,일산초등학교,281
A41131218,일산초등학교,155
A41131301,신촌초등학교,40
A41131303,오마초등학교,39
A41131307,신촌초등학교,0
A41131310,신촌초등학교,235
A41131314,오마초등학교,236
A41131315,오마초등학교,20
A41131317,고양신일초등학교,23
A41172607,한뫼초등학교,162
A41172608,한뫼초등학교,27
A41172609,한뫼초등학교,152
A41172610,현산초등학교,78
A41182204,일산초등학교,93
A41182212,안곡초등학교,374
A41182213,일산초등학교,4
A41182502,현산초등학교,282
A41182605,한뫼초등학교,92
A41182606,한뫼초등학교,8
A41182702,고양신일초등학교,252
A41182704,고양신일초등학교,34
A41182705,신촌초등학교,196
A41182706,고양신일초등학교,0
A41182708,문화초등학교,41
A41182709,신촌초등학교,31
A41182711,신촌초등학교,15
A41182712,고양신일초등학교,12
A41182713,문화초등학교,252
A41182716,문화초등학교,19
A41183901,현산초등학교,154
A41183903,현산초등학교,76
A41183906,현산초등학교,278
A41183907,한뫼초등학교,290
A41183910,현산초등학교,334
A41183917,한뫼초등학교,206
A41183919,한뫼초등학교,194
A41183923,현산초등학교,105
A41137101,주엽초등학교,226
A41137102,주엽초등학교,116
A41137103,강선초등학교,275
A41137104,강선초등학교,111
A41137105,주엽초등학교,178
A41137106,주엽초등학교,16
A41137107,주엽초등학교,169
A41137108,문화초등학교,0
A41137109,강선초등학교,35
A41137110,문화초등학교,249
A41137111,강선초등학교,14
A41137112,주엽초등학교,23
A41137113,문화초등학교,24
A41137114,강선초등학교,250
A41137115,주엽초등학교,0
A41137116,강선초등학교,0
A41137117,강선초등학교,250
A41137118,강선초등학교,23
A41137221,문촌초등학교,230
A41173220,한수초등학교,44
A41174822,문촌초등학교,0
A41183801,문촌초등학교,104
A41183802,한수초등학교,127
A41183803,문촌초등학교,251
A41183804,한수초등학교,262
A41183805,오마초등학교,31
A41183806,한수초등학교,77
A41183807,문촌초등학교,0
A41183808,문촌초등학교,40
A41183809,한수초등학교,67
A41183810,오마초등학교,0
A41183811,문촌초등학교,230
A41183812,문촌초등학교,13
A41183814,문촌초등학교,239
A41183815,한수초등학교,230
A41183816,한수초등학교,230
A41183817,문촌초등학교,31
A41183818,오마초등학교,230
A41183819,한수초등학교,0
A10025989,호곡초등학교,105
A41132004,상탄초등학교,340
A41132005,현산초등학교,229
A41132012,상탄초등학교,227
A41132018,상탄초등학교,253
A41132026,현산초등학교,0
A41178502,상탄초등학교,9
A41178503,호곡초등학교,104
A41178504,상탄초등학교,166
A41183927,호곡초등학교,0
A41184002,황룡초등학교,186
A41184109,황룡초등학교,122
A41184111,상탄초등학교,19
A41184113,황룡초등학교,13
A41184114,상탄초등학교,7
A41184116,상탄초등학교,42
A41184121,상탄초등학교,124
A41184122,황룡초등학교,0
A41184124,황룡초등학교,31
A41184125,황룡초등학교,24
A41141016,대화초등학교,0
A41141017,대화초등학교,16
A41141018,고양한내초등학교,11
A41141019,대화초등학교,110
A41170309,장성초등학교,0
A41170702,장촌초등학교,328
A41170708,장촌초등학교,38
A41180206,대화초등학교,219
A41180211,대화초등학교,35
A41180510,장촌초등학교,212
A41180512,장성초등학교,61
A41180513,장성초등학교,57
A41180515,장성초등학교,15
A41180614,장촌초등학교,36
A10024917,한산초등학교,372
A41176701,한산초등학교,59
A41176702,백송초등학교,187
A41176703,한산초등학교,96
A41176705,백송초등학교,0
A41176706,백송초등학교,52
A41180801,한산초등학교,144
A41180905,한산초등학교,203
A41144001,송포초등학교,124
A41144002,가좌초등학교,15
A41144003,가좌초등학교,33
A41144004,가좌초등학교,17
A41144005,가좌초등학교,161
A41176201,송포초등학교,46
A42780601,과천초등학교,89
A42780602,과천초등학교,11
A10024433,문원초등학교,116
A42703002,문원초등학교,29
A10025670,청계초등학교,0
A42780002,청계초등학교,13
A10024479,관문초등학교,20
A42780401,관문초등학교,2
A10024950,갈매초등학교,154
A10026043,갈매초등학교,59
A10026309,산마루초등학교,199
A10026703,갈매초등학교,43
A10026724,갈매초등학교,28
A10026867,갈매초등학교,31
A10027267,산마루초등학교,181
A10027438,산마루초등학교,16
A10027574,산마루초등학교,280
A10025318,건원초등학교,63
A10026269,동인초등학교,212
A10027730,인창초등학교,213
A10027731,인창초등학교,27
A47101004,인창초등학교,33
A47101007,건원초등학교,145
A47172702,동인초등학교,8
A47172715,동인초등학교,136
A47173421,구지초등학교,15
A47173513,구지초등학교,12
A47173605,건원초등학교,313
A47173703,인창초등학교,273
A47173918,동인초등학교,98
A47174108,동인초등학교,22
A47174224,동구초등학교,15
A47174320,동구초등학교,0
A47174425,구지초등학교,0
A47174523,구지초등학교,19
A47174610,인창초등학교,81
A47175011,동인초등학교,8
A47175209,동인초등학교,77
A47175516,건원초등학교,89
A47177317,동인초등학교,10
A47183301,건원초등학교,84
A47183319,동인초등학교,77
A47185312,동구초등학교,352
A47186114,인창초등학교,147
A47102001,장자초등학교,0
A47102002,교문초등학교,305
A47102207,백문초등학교,121
A47170708,백문초등학교,262
A47170801,백문초등학교,0
A47170902,교문초등학교,246
A47171004,도림초등학교,297
A47171503,교문초등학교,344
A47171609,백문초등학교,295
A47171712,백문초등학교,176
A47176305,장자초등학교,6
A47186010,장자초등학교,18
A10024182,부양초등학교,40
A10024187,구리초등학교,64
A10025060,교문초등학교,312
A10028044,수택초등학교,172
A47103001,구리초등학교,371
A47103004,구리초등학교,8
A47103005,장자초등학교,185
A47103006,수택초등학교,189
A47103101,수택초등학교,173
A47103203,부양초등학교,41
A47170401,구리초등학교,10
A47175602,구리초등학교,150
A47181601,부양초등학교,343
A47182802,부양초등학교,33
A10023067,토평초등학교,239
A10026304,수택초등학교,46
A47175703,토평초등학교,1
A47176007,토평초등학교,7
A47176102,토평초등학교,0
A47176404,수택초등학교,0
A47176601,수택초등학교,97
A47176805,토평초등학교,216
A10024356,하랑초등학교,0
A10026983,평동초등학교,246
A10027758,호평초등학교,0
A47212002,호평초등학교,350
A47212008,호평초등학교,81
A47212009,구룡초등학교,189
A47212017,구룡초등학교,227
A47278416,구룡초등학교,190
A47278513,판곡초등학교,151
A47278711,구룡초등학교,109
A47278814,평동초등학교,56
A47278815,판곡초등학교,23
A47278816,호평초등학교,53
A47278817,판곡초등학교,122
A47278818,평동초등학교,369
A47278910,구룡초등학교,4
A47279006,구룡초등학교,249
A47279101,평동초등학교,324
A47279604,판곡초등학교,216
A47279712,구룡초등학교,4
A47279803,판곡초등학교,162
A47295415,판곡초등학교,0
A47295805,판곡초등학교,205
A10024648,평내초등학교,83
A47214014,남양주신촌초등학교,1
A47273713,평내초등학교,12
A47279904,남양주백봉초등학교,0
A47279905,남양주백봉초등학교,7
A47279917,남양주백봉초등학교,32
A47287312,남양주신촌초등학교,19
A47287409,남양주신촌초등학교,19
A47287410,남양주백봉초등학교,116
A47287508,장내초등학교,23
A47287602,장내초등학교,7
A47287716,남양주신촌초등학교,223
A47289903,장내초등학교,142
A47293511,평내초등학교,330
A47295318,장내초등학교,3
A47270505,남양주동곡초등학교,174
A47270608,남양주동곡초등학교,0
A47270706,남양주동곡초등학교,20
A47280002,남양주동곡초등학교,322
A47280404,남양주금곡초등학교,98
A47280407,남양주금곡초등학교,19
A47280903,남양주금곡초등학교,66
A10024142,한별초등학교,235
A10024788,남양주덕송초등학교,177
A10025142,남양주샛별초등학교,99
A10025584,남양주덕송초등학교,20
A10026936,남양주샛별초등학교,221
A10027148,한별초등학교,24
A10027230,한별초등학교,168
A10027695,남양주샛별초등학교,9
A10027943,남양주덕송초등학교,374
A10027962,별가람초등학교,375
A10028068,별가람초등학교,0
A10028140,남양주샛별초등학교,142
A47274201,한별초등학교,58
A47274203,한별초등학교,61
A47274204,남양주샛별초등학교,326
A47274205,화접초등학교,80
A47274206,별가람초등학교,148
A47274207,남양주샛별초등학교,294
A47274208,한별초등학교,150
A47274210,한별초등학교,211
A47274214,남양주덕송초등학교,173
A47274215,남양주덕송초등학교,24
A47274216,화접초등학교,130
A47274217,한별초등학교,12
A47274218,남양주샛별초등학교,235
A47274219,남양주샛별초등학교,13
A10020452,금교초등학교,48
A10023642,다산별빛초등학교,255
A10023643,다산하늘초등학교,40
A10023863,다산별빛초등학교,18
A10023893,가운초등학교,142
A10023982,가운초등학교,174
A10024060,다산가람초등학교,143
A10024093,다산별빛초등학교,86
A10024153,다산하늘초등학교,261
A10024195,다산별빛초등학교,273
A10024407,가운초등학교,345
A10024415,남양주미금초등학교,252
A10024480,다산하늘초등학교,239
A10025066,다산한강초등학교,282
A10025306,다산하늘초등학교,89
A10025331,다산새봄초등학교,77
A10025393,다산새봄초등학교,281
A10025474,다산한강초등학교,1
A10025561,남양주양정초등학교,304
A10025596,다산한강초등학교,121
A10025828,다산한강초등학교,139
A10026292,다산가람초등학교,200
A10026388,남양주다산초등학교,259
A10026562,다산하늘초등학교,10
A47206001,가운초등학교,44
A47206002,가운초등학교,110
A47206003,가운초등학교,114
A47206005,가운초등학교,2
A47206006,가운초등학교,239
A47270906,금교초등학교,0
A47271002,남양주양정초등학교,8
A47279205,금교초등학교,0
A47279207,금교초등학교,0
A47279408,금교초등학교,0
A47287901,금교초등학교,185
A47288801,남양주미금초등학교,252
A47288802,도농초등학교,25
A47288803,남양주미금초등학교,117
A47291001,남양주미금초등학교,75
A47291002,도농초등학교,275
A47291003,남양주미금초등학교,0
A47291304,남양주미금초등학교,160
A47272421,와부초등학교,137
A47272515,덕소초등학교,392
A47272716,와부초등학교,0
A47272813,와부초등학교,195
A47272914,덕소초등학교,262
A47273106,덕소초등학교,396
A47273117,남양주도곡초등학교,211
A47290101,덕소초등학교,152
A47290103,덕소초등학교,295
A47290104,덕소초등학교,67
A47290118,예봉초등학교,0
A47290119,와부초등학교,6
A47273310,남양주도곡초등학교,11
A47273408,남양주도곡초등학교,34
A47273522,도심초등학교,221
A47287811,도심초등학교,334
A47296220,남양주도곡초등학교,61
A10024110,장승초등학교,242
A10025480,장승초등학교,125
A47271413,장현초등학교,232
A47276005,장현초등학교,71
A47276112,장현초등학교,87
A47276309,장승초등학교,235
A47276401,장승초등학교,352
A47276510,장승초등학교,187
A47286708,장승초등학교,141
A47289806,장현초등학교,377
A47294801,장현초등학교,247
A47294819,장승초등학교,35
A10023892,부평초등학교,164
A10024049,부평초등학교,49
A47276602,장승초등학교,10
A47294805,부평초등학교,47
A47294814,부평초등학교,252
A47294815,부평초등학교,3
A47294804,해밀초등학교,25
A47294806,주곡초등학교,94
A47294807,해밀초등학교,53
A47294810,진접초등학교,0
A47294811,해밀초등학교,169
A47294813,화봉초등학교,23
A47294816,주곡초등학교,22
A47294817,진접초등학교,250
A47294818,해밀초등학교,119
A47294820,주곡초등학교,145
A47294821,진접초등학교,171
A47294822,화봉초등학교,199
A10026494,남양주송라초등학교,183
A47276905,화도초등학교,133
A47276906,남양주송라초등학교,398
A47288922,남양주송라초등학교,52
A47296011,화도초등학교,107
A47297016,남양주송라초등학교,341
A47276908,화도초등학교,312
A47284604,화도초등학교,372
A47284614,화도초등학교,133
A47289015,화도초등학교,359
A10027838,남양주월산초등학교,148
A10027833,남양주월산초등학교,0
A10027911,남양주월산초등학교,233
A10026869,마석초등학교,269
A47276904,창현초등학교,274
A47277726,마석초등학교,151
A47277918,창현초등학교,20
A47284801,차산초등학교,383
A47284805,차산초등학교,272
A47284821,창현초등학교,0
A47284825,마석초등학교,12
A47284907,창현초등학교,0
A47284910,창현초등학교,126
A47289102,차산초등학교,329
A47289113,차산초등학교,351
A10025748,은솔초등학교,101
A10026386,창현초등학교,177
A47277209,은솔초등학교,151
A47284317,창현초등학교,267
A47276901,차산초등학교,123
A47276902,차산초등학교,105
A47278303,용신초등학교,47
A47276707,용신초등학교,1
A47271601,진건초등학교,158
A47271602,진건초등학교,48
A47271604,진건초등학교,9
A47271605,진건초등학교,127
A47271612,진건초등학교,48
A47271710,용신초등학교,227
A47271811,사능초등학교,123
A47271909,사능초등학교,196
A47283508,용신초등학교,18
A47274922,양오초등학교,196
A47275007,남양주양지초등학교,366
A47288124,양오초등학교,88
A10022457,어람초등학교,252
A47275515,오남초등학교,271
A47275609,양오초등학교,80
A47275617,남양주양지초등학교,357
A47275704,오남초등학교,202
A47275905,어람초등학교,12
A47275911,어람초등학교,215
A47288314,어람초등학교,199
A47288316,어람초등학교,284
A47288420,어람초등학교,0
A47289302,어람초등학교,284
A47289512,오남초등학교,289
A47294225,어람초등학교,194
A47294322,어람초등학교,368
A47274113,도제원초등학교,0
A47274507,도제원초등학교,314
A47274705,퇴계원초등학교,326
A47282108,도제원초등학교,301
A47282203,퇴계원초등학교,352
A47282206,퇴계원초등학교,382
A47282502,도제원초등학교,24
A10023182,별내초등학교,92
A47272303,별내초등학교,262
A47281104,별내초등학교,357
A47296408,별내초등학교,42
A47296507,별내초등학교,2
A47296606,별내초등학교,123
A47296705,별내초등학교,292
A47296801,별내초등학교,268
A47296909,별내초등학교,79
A44773302,운산초등학교,0
A44773303,성호초등학교,140
A44773304,운천초등학교,42
A44773601,운산초등학교,20
A44780409,운산초등학교,82
A10026708,다온초등학교,55
A10026716,다온초등학교,65
A44771702,운천초등학교,0
A44771901,운산초등학교,20
A10023771,운암초등학교,269
A10026822,원동초등학교,240
A44706019,운암초등학교,0
A44771315,오산대원초등학교,55
A44771508,원동초등학교,0
A44772116,운암초등학교,12
A44772703,운암초등학교,279
A44773504,원동초등학교,0
A44773706,운암초등학교,240
A44774311,오산고현초등학교,281
A44774402,운암초등학교,399
A44774513,오산원일초등학교,0
A44774514,오산원당초등학교,32
A44774515,오산대원초등학교,94
A44774617,오산원일초등학교,33
A44780505,운암초등학교,83
A44714001,대호초등학교,277
A44773903,대호초등학교,168
A44774004,대호초등학교,230
A10025711,대호초등학교,355
A44722001,필봉초등학교,12
A44728001,금암초등학교,83
A44728002,문시초등학교,15
A44728003,문시초등학교,69
A44728004,금암초등학교,15
A44728005,금암초등학교,164
A44728006,문시초등학교,88
A44728007,필봉초등학교,100
A44728008,필봉초등학교,167
A44728009,필봉초등학교,25
A44729001,화성초등학교,0
A44729004,매홀초등학교,157
A44771202,화성초등학교,97
A44773801,수청초등학교,12
A44773802,세미초등학교,301
A44774103,수청초등학교,87
A44772803,화성초등학교,331
A10026524,세미초등학교,2
A10026915,세미초등학교,68
A10027212,세미초등학교,42
A44773803,세미초등학교,43
A10025374,삼미초등학교,117
A44774202,양산초등학교,0
A44774203,양산초등학교,18
A44724001,광성초등학교,39
A44724002,광성초등학교,2
A10026366,세마초등학교,0
A44771001,가수초등학교,354
A44771102,가수초등학교,338
A44773101,오산초등학교,220
A44773202,오산초등학교,122
A44770002,가수초등학교,19
A44770401,오산초등학교,0
A44732001,오산고현초등학교,253
A10025871,오산고현초등학교,225
A44772901,오산고현초등학교,281
A44772902,오산고현초등학교,284
A44772903,오산고현초등학교,255
A44731003,원동초등학교,22
A44770605,오산대원초등학교,31
A44770701,오산대원초등학교,261
A44772302,원동초등학교,73
A44773004,오산대원초등학교,12
A44773006,오산대원초등학교,93
A10024989,대야초등학교,161
A10025100,은계초등학교,191
A10025179,은계초등학교,71
A10025979,은계초등학교,211
A42980702,은계초등학교,352
A42980706,대야초등학교,198
A42981308,은계초등학교,167
A42987403,대야초등학교,153
A42987404,은계초등학교,311
A42987405,은계초등학교,5
A42987409,은계초등학교,84
A42987413,금모래초등학교,135
A42987415,은계초등학교,175
A42987416,은계초등학교,274
A42987417,금모래초등학교,130
A42990411,대야초등학교,245
A42990413,은계초등학교,14
A10021163,신천초등학교,302
A10024985,시흥신일초등학교,313
A42902009,시흥신일초등학교,69
A42972101,시흥신일초등학교,241
A42972102,소래초등학교,169
A42972103,시흥신일초등학교,287
A42972104,시흥신일초등학교,128
A42982404,시흥신일초등학교,174
A42987706,시흥신일초등학교,20
A10024498,검바위초등학교,185
A10024572,검바위초등학교,125
A10024951,시흥은행초등학교,342
A10025955,시흥은행초등학교,57
A10026125,은빛초등학교,285
A10026569,웃터골초등학교,14
A42983601,검바위초등학교,342
A42983602,검바위초등학교,58
A42983604,검바위초등학교,179
A42983808,시흥은행초등학교,8
A42983809,시흥은행초등학교,155
A42983810,금모래초등학교,14
A42983811,시흥은행초등학교,67
A42983903,시흥은행초등학교,123
A42983906,웃터골초등학교,10
A42983907,시흥은행초등학교,10
A42987805,시흥은행초등학교,163
A42987813,금모래초등학교,8
A42981803,시흥매화초등학교,145
A42981805,시흥매화초등학교,151
A42924001,시흥능곡초등학교,9
A42924002,시흥능곡초등학교,87
A42924003,시흥능곡초등학교,52
A42924008,시흥능곡초등학교,200
A42924009,승지초등학교,83
A42924010,시흥능곡초등학교,14
A42924011,승지초등학교,83
A42924012,시흥능곡초등학교,236
A42924013,시흥능곡초등학교,141
A42924014,시흥능곡초등학교,5
A42924015,승지초등학교,108
A42924016,시흥능곡초등학교,30
A42924017,승지초등학교,7
A42924018,승지초등학교,99
A42925201,하중초등학교,225
A42925202,하중초등학교,100
A42925205,하중초등학교,13
A10025556,운흥초등학교,241
A10025888,산현초등학교,9
A10025938,산현초등학교,179
A10026559,산현초등학교,12
A10021384,목감초등학교,162
A10022009,목감초등학교,51
A10026151,운흥초등학교,253
A10026417,조남초등학교,292
A10026492,산현초등학교,173
A10026579,운흥초등학교,0
A10026659,운흥초등학교,139
A10026711,조남초등학교,0
A10026930,운흥초등학교,146
A10027181,산현초등학교,220
A10027463,조남초등학교,349
A10027539,운흥초등학교,192
A10027919,조남초등학교,21
A42986901,목감초등학교,259
A42986903,목감초등학교,252
A10026605,목감초등학교,44
A10027145,목감초등학교,42
A42980401,목감초등학교,44
A10024325,목감초등학교,202
A42982001,목감초등학교,182
A10021999,군자초등학교,283
A10022223,군자초등학교,236
A10023461,군자초등학교,306
A42970003,군자초등학교,145
A42980101,군자초등학교,268
A42980104,도일초등학교,144
A42980106,도일초등학교,198
A42988105,군자초등학교,88
A10023999,한여울초등학교,256
A10024489,한여울초등학교,50
A10023576,시흥장현초등학교,280
A42973901,시흥장현초등학교,60
A42984401,시흥장현초등학교,130
A42984402,시흥장현초등학교,60
A10023415,진말초등학교,46
A10023528,진말초등학교,177
A42984202,장곡초등학교,113
A42984203,진말초등학교,158
A42984204,장곡초등학교,204
A42984205,진말초등학교,8
A42984206,진말초등학교,12
A42984207,장곡초등학교,341
A42984208,장곡초등학교,341
A10023905,시흥월곶초등학교,206
A10024860,시흥월곶초등학교,206
A10027701,월포초등학교,297
A42983401,시흥월곶초등학교,342
A42983402,월포초등학교,31
A42983403,월포초등학교,0
A42983404,시흥월곶초등학교,6
A42983405,시흥월곶초등학교,0
A42992701,시흥월곶초등학교,234
A10020545,서해초등학교,0
A42945001,시흥초등학교,0
A42945002,서촌초등학교,20
A42945003,송운초등학교,137
A42945005,함현초등학교,316
A42945006,함현초등학교,73
A42945007,시흥초등학교,45
A42945008,서촌초등학교,163
A42945111,정왕초등학교,202
A42945408,송운초등학교,86
A42945409,송운초등학교,87
A42974409,정왕초등학교,200
A42975216,시흥초등학교,30
A42975305,정왕초등학교,22
A42975511,송운초등학교,14
A42975602,시흥초등학교,10
A42975617,서촌초등학교,165
A42975619,냉정초등학교,344
A42975705,서해초등학교,325
A42975710,서해초등학교,10
A42975806,송운초등학교,195
A42975903,시흥초등학교,104
A42976007,서해초등학교,148
A42976115,서촌초등학교,20
A42976201,함현초등학교,166
A42976306,서해초등학교,357
A42976504,함현초등학교,141
A42976707,송운초등학교,0
A42976812,함현초등학교,280
A42976910,송운초등학교,25
A42977005,냉정초등학교,210
A42977103,송운초등학교,20
A42977302,함현초등학교,180
A42977303,함현초등학교,0
A42977509,서해초등학교,290
A42977601,시흥초등학교,22
A42977704,냉정초등학교,159
A42977905,송운초등학교,135
A42978012,냉정초등학교,62
A42978109,냉정초등학교,0
A42978202,서해초등학교,21
A42978310,서촌초등학교,38
A42978411,냉정초등학교,182
A42978508,서해초등학교,20
A42978613,시흥초등학교,127
A42978614,시흥초등학교,124
A42978706,서촌초등학교,11
A42978807,냉정초등학교,3
A42978904,서해초등학교,39
A42979008,냉정초등학교,20
A42984710,정왕초등학교,19
A42985502,냉정초등학교,289
A42985804,시화초등학교,311
A42985807,시화초등학교,102
A42986101,정왕초등학교,0
A42986103,정왕초등학교,10
A42986112,정왕초등학교,38
A42946001,생금초등학교,304
A42946002,생금초등학교,67
A10025377,배곧라라초등학교,42
A10025408,배곧라라초등학교,164
A10025502,배곧라온초등학교,50
A10025651,배곧누리초등학교,23
A10025661,배곧누리초등학교,150
A10025676,배곧라온초등학교,234
A10026012,배곧해솔초등학교,2
A10026419,배곧해솔초등학교,140
A10026534,배곧라온초등학교,64
A10026631,배곧라온초등학교,39
A10026723,배곧한울초등학교,42
A10026846,배곧한울초등학교,103
A10026847,배곧누리초등학교,22
A10027300,배곧초등학교,81
A10027450,배곧초등학교,84
A10027886,배곧초등학교,29
A10027950,배곧초등학교,150
A10021267,군포초등학교,0
A10022491,당동초등학교,157
A10023523,군포옥천초등학교,234
A10025073,군포초등학교,66
A10025200,당동초등학교,10
A43501002,군포초등학교,44
A43501003,군포초등학교,103
A43501004,당동초등학교,20
A43501005,군포초등학교,193
A43501006,용호초등학교,22
A43501007,용호초등학교,174
A43501008,당동초등학교,210
A43501009,당동초등학교,132
A43501012,군포신기초등학교,84
A43501014,군포신기초등학교,196
A43572101,용호초등학교,22
A43572203,군포옥천초등학교,14
A43572302,군포옥천초등학교,12
A43503003,당정초등학교,171
A43573201,당정초등학교,175
A43573202,당정초등학교,251
A43577404,당정초등학교,375
A43583105,당정초등학교,21
A43583301,당정초등학교,69
A43501010,군포신기초등학교,59
A43501013,군포신기초등학교,23
A43573701,부곡중앙초등학교,198
A43573702,부곡중앙초등학교,32
A43573705,부곡중앙초등학교,16
A43573706,군포신기초등학교,353
A43573707,군포신기초등학교,44
A43504001,광정초등학교,104
A43504003,광정초등학교,190
A43504004,도장초등학교,4
A43504005,수리초등학교,21
A43504006,신흥초등학교,119
A43504007,도장초등학교,4
A43504008,관모초등학교,9
A43570403,광정초등학교,1
A43570601,태을초등학교,331
A43570702,신흥초등학교,1
A43570905,광정초등학교,190
A43571004,태을초등학교,44
A43572403,궁내초등학교,163
A43572706,둔전초등학교,1
A43572904,수리초등학교,186
A43573005,궁내초등학교,114
A43573107,둔전초등학교,15
A43573904,관모초등학교,9
A43574003,금정초등학교,101
A43574301,산본초등학교,9
A43574502,곡란초등학교,18
A43574805,광정초등학교,13
A43574905,도장초등학교,1
A43575102,능내초등학교,1
A43575201,능내초등학교,252
A43575304,능내초등학교,231
A43575403,능내초등학교,72
A43575904,오금초등학교,1
A43576005,오금초등학교,2
A43576807,곡란초등학교,10
A43576808,산본초등학교,0
A43582102,궁내초등학교,19
A43582201,둔전초등학교,42
A43583802,관모초등학교,51
A43583901,관모초등학교,249
A43584303,한얼초등학교,7
A43584904,태을초등학교,300
A43505003,군포화산초등학교,5
A43505004,군포화산초등학교,44
A43575501,흥진초등학교,230
A43575706,흥진초등학교,109
A43575803,흥진초등학교,1
A43576205,군포양정초등학교,141
A43576304,군포양정초등학교,57
A43576503,군포화산초등학교,44
A43576601,군포양정초등학교,144
A43576702,군포양정초등학교,0
A43582405,흥진초등학교,1
A43582406,군포양정초등학교,29
A43582502,금정초등학교,8
A43506001,군포대야초등학교,267
A43506002,군포대야초등학교,255
A43506004,둔대초등학교,298
A10025244,송안초등학교,244
A10025364,송안초등학교,345
A10025389,송안초등학교,9
A10025864,송안초등학교,279
A10025954,송안초등학교,48
A10026533,송안초등학교,133
A10024662,왕곡초등학교,399
A10021848,의왕부곡초등학교,345
A10025037,의왕덕성초등학교,13
A10025055,의왕덕성초등학교,88
A43704008,의왕덕성초등학교,121
A43771701,의왕부곡초등학교,326
A43772307,의왕부곡초등학교,8
A43772311,의왕부곡초등학교,145
A43772409,의왕부곡초등학교,383
A43775110,의왕덕성초등학교,142
A43776912,의왕덕성초등학교,184
A43781506,의왕덕성초등학교,184
A43702005,왕곡초등학교,24
A43773703,왕곡초등학교,171
A43773804,왕곡초등학교,176
A43774102,왕곡초등학교,9
A43774201,왕곡초등학교,11
A10025698,고천초등학교,103
A43707016,모락초등학교,9
A43772502,고천초등학교,376
A43772723,오전초등학교,15
A43772811,오전초등학교,30
A43772917,오전초등학교,145
A43773321,모락초등학교,367
A43773420,의왕초등학교,222
A43775218,의왕초등학교,34
A43775415,의왕초등학교,186
A43775513,고천초등학교,225
A43775622,의왕초등학교,36
A43777024,의왕초등학교,0
A43781805,모락초등학교,230
A43781808,모락초등학교,359
A43782103,고천초등학교,226
A43782106,모락초등학교,0
A43782119,모락초등학교,85
A43782204,고천초등학교,89
A10024934,백운초등학교,246
A43708001,갈뫼초등학교,46
A43708003,갈뫼초등학교,135
A43708004,백운초등학교,85
A43708006,갈뫼초등학교,23
A43708007,백운초등학교,54
A43708008,백운초등학교,0
A43770702,내동초등학교,188
A43770703,내동초등학교,151
A43771204,갈뫼초등학교,15
A43776501,갈뫼초등학교,19
A43776703,갈뫼초등학교,20
A10023727,덕장초등학교,196
A43711001,덕장초등학교,18
A43711002,덕장초등학교,233
A43777203,덕장초등학교,54
A43777204,덕장초등학교,30
A43774502,내동초등학교,221
A43774503,내동초등학교,96
A43774504,내동초등학교,97
A43774505,포일초등학교,51
A43774506,포일초등학교,271
A43774507,포일초등학교,36
A43774508,포일초등학교,282
A43774509,포일초등학교,46
A43774605,인덕원초등학교,2
A43774801,내동초등학교,250
A43777104,내동초등학교,294
A43783103,벌말초등학교,4
A46512001,하남초등학교,143
A46512002,하남초등학교,0
A46571004,창우초등학교,0
A46571103,하남초등학교,20
A10022435,신장초등학교,41
A10024119,신장초등학교,189
A10025930,신평초등학교,10
A10026837,신평초등학교,171
A46503001,창우초등학교,214
A46503002,신평초등학교,216
A46503003,신평초등학교,23
A46503201,하남천현초등학교,268
A46570703,하남천현초등학교,61
A46570804,신평초등학교,123
A46570905,하남천현초등학교,124
A46571502,신평초등학교,378
A46572201,창우초등학교,15
A46572202,하남천현초등학교,207
A10025534,덕풍초등학교,129
A10027368,신장초등학교,285
A46501001,나룰초등학교,133
A46501004,하남풍산초등학교,100
A46501005,하남풍산초등학교,28
A46501007,나룰초등학교,35
A46501201,덕풍초등학교,0
A46501301,나룰초등학교,135
A46501304,나룰초등학교,19
A46501305,하남풍산초등학교,114
A46501306,하남풍산초등학교,53
A46501308,나룰초등학교,28
A46570205,동부초등학교,361
A46570304,동부초등학교,373
A46570401,동부초등학교,165
A46570503,덕풍초등학교,95
A46571303,동부초등학교,363
A46571403,신장초등학교,76
A46571605,덕풍초등학교,0
A46572006,동부초등학교,123
A46580001,나룰초등학교,34
A46580302,덕풍초등학교,329
A10025941,미사중앙초등학교,362
A10026105,미사초등학교,38
A10026619,미사중앙초등학교,7
A10026784,미사중앙초등학교,39
A10027180,망월초등학교,168
A10027379,윤슬초등학교,14
A10027476,윤슬초등학교,1
A10027514,윤슬초등학교,22
A10027537,윤슬초등학교,29
A10027691,미사초등학교,278
A10027782,망월초등학교,121
A10027846,미사초등학교,0
A10028139,미사중앙초등학교,40
A10028157,미사초등학교,147
A10028200,미사초등학교,41
A10024890,덕풍초등학교,335
A10025667,한홀초등학교,21
A10025739,청아초등학교,100
A10025947,청아초등학교,0
A10025953,덕풍초등학교,93
A10025966,청아초등학교,15
A10025991,덕풍초등학교,211
A10026131,청아초등학교,232
A10026501,한홀초등학교,86
A10026707,한홀초등학교,10
A10027116,한홀초등학교,0
A10027308,청아초등학교,107
A10027552,한홀초등학교,29
A10026040,망월초등학교,306
A10026523,망월초등학교,41
A10026806,망월초등학교,305
A10027344,미사강변초등학교,29
A10027359,미사강변초등학교,15
A10027385,미사강변초등학교,14
A10028065,망월초등학교,48
A10024472,신우초등학교,0
A10024644,신우초등학교,3
A10024895,신우초등학교,49
A10024992,신우초등학교,3
A10021515,단샘초등학교,101
A10023672,신우초등학교,243
A10023676,신우초등학교,174
A10024045,단샘초등학교,373
A10024051,신우초등학교,63
A10024104,단샘초등학교,21
A10024382,감일초등학교,100
A10024388,감일초등학교,187
A10024569,단샘초등학교,20
A10024941,감일초등학교,11
A10025339,감일초등학교,100
A10023410,위례숲초등학교,79
A10023583,위례숲초등학교,34
A10023953,위례숲초등학교,0
A10024124,위례숲초등학교,30
A10024247,위례숲초등학교,171
A10024304,위례숲초등학교,162
A10024378,위례숲초등학교,280
A10027070,위례초등학교,197
A10027546,위례초등학교,148
A10027686,위례초등학교,104
A10027715,위례초등학교,374
A10027741,위례초등학교,36
A10026022,용인초등학교,350
A10026993,용인초등학교,352
A44902002,역북초등학교,359
A44902003,역북초등학교,33
A44970501,역북초등학교,254
A10026217,함박초등학교,160
A10026630,함박초등학교,1
A10026640,함박초등학교,93
A10026765,함박초등학교,218
A44972201,역북초등학교,19
A44972202,역북초등학교,19
A44972203,역북초등학교,147
A44971803,삼가초등학교,100
A44980404,삼가초등학교,7
A44980405,삼가초등학교,144
A44980406,삼가초등학교,303
A44980407,삼가초등학교,56
A10025660,고진초등학교,25
A44901002,용인둔전초등학교,264
A44901004,고림초등학교,20
A44974208,고림초등학교,164
A44974307,고림초등학교,274
A44978805,용인둔전초등학교,212
A44904004,용마초등학교,231
A44904005,용마초등학교,16
A44978701,용마초등학교,83
A44978703,용마초등학교,109
A44981101,둔전제일초등학교,12
A44985101,왕산초등학교,191
A44985401,왕산초등학교,192
A44983101,송전초등학교,124
A44983301,용천초등학교,151
A44983602,용인이동초등학교,98
A44983604,용인이동초등학교,0
A10026178,남곡초등학교,99
A44982301,양지초등학교,96
A10025253,신갈초등학교,198
A10025541,신갈초등학교,260
A10026407,신갈초등학교,270
A44658412,산양초등학교,35
A44658413,용인신릉초등학교,306
A44658414,산양초등학교,27
A44658415,신갈초등학교,82
A44658506,관곡초등학교,307
A44658601,용인신릉초등학교,150
A44658609,용인신릉초등학교,249
A44658715,용인신릉초등학교,19
A44658807,언남초등학교,0
A44658814,언남초등학교,25
A44658913,산양초등학교,15
A44659508,신갈초등학교,147
A44659803,산양초등학교,246
A44673805,산양초등학교,272
A44695211,산양초등학교,135
A10021846,성지초등학교,0
A10026005,용인한얼초등학교,33
A10026083,용인한얼초등학교,399
A10026215,용인한얼초등학교,147
A10026636,구갈초등학교,370
A44657809,갈곡초등학교,24
A44658008,갈곡초등학교,1
A44658010,갈곡초등학교,241
A44659306,관곡초등학교,9
A44673303,구갈초등학교,134
A44673401,구갈초등학교,61
A44673402,구갈초등학교,125
A44673507,구갈초등학교,68
A44673512,구갈초등학교,124
A44673613,구갈초등학교,6
A44695102,구갈초등학교,15
A10023426,보라초등학교,383
A44695601,상갈초등학교,0
A44695607,보라초등학교,29
A44695802,상갈초등학교,154
A44695803,상갈초등학교,11
A44695804,보라초등학교,22
A10025465,나곡초등학교,190
A44658209,나곡초등학교,0
A44658307,나산초등학교,102
A44673703,나산초등학교,154
A44690402,나산초등학교,183
A44690404,나산초등학교,11
A44690405,나산초등학교,25
A44690406,나산초등학교,161
A44695410,나곡초등학교,0
A44695508,나곡초등학교,71
A44659201,지곡초등학교,24
A44679602,공세초등학교,270
A44679604,기흥초등학교,367
A44690203,용인한일초등학교,9
A44690205,용인한일초등학교,34
A44695002,용인한일초등학교,292
A44673102,기흥초등학교,145
A44673103,기흥초등학교,82
A44673204,기흥초등학교,47
A44690101,기흥초등학교,185
A10026701,서천초등학교,123
A10026964,서천초등학교,182
A10027304,서농초등학교,25
A10027657,서농초등학교,49
A44670101,서천초등학교,204
A44670102,서농초등학교,317
A44670103,서농초등학교,183
A44670104,서농초등학교,251
A44690601,서천초등학교,190
A44695902,서천초등학교,0
A10025178,청곡초등학교,161
A10025587,청곡초등학교,96
A44659101,청곡초등학교,38
A44659102,청곡초등학교,19
A44674004,청곡초등학교,175
A44674105,청곡초등학교,4
A44678702,샘말초등학교,0
A44678703,샘말초등학교,352
A44678704,흥덕초등학교,121
A44678705,흥덕초등학교,169
A44678706,샘말초등학교,201
A44678708,석현초등학교,0
A44678709,석현초등학교,31
A44678710,흥덕초등학교,393
A44678711,샘말초등학교,43
A44678712,샘말초등학교,285
A44678713,샘말초등학교,22
A44690806,흥덕초등학교,190
A44696703,흥덕초등학교,323
A10026498,언동초등학교,216
A44657104,언동초등학교,223
A44657106,언동초등학교,349
A44657207,구성초등학교,130
A44670301,언동초등학교,374
A44679205,언남초등학교,24
A44691003,언동초등학교,333
A10026300,구성초등학교,15
A10027214,구성초등학교,40
A44655607,교동초등학교,331
A44655712,마성초등학교,0
A44655801,마북초등학교,233
A44655902,구성초등학교,26
A44655904,마성초등학교,1
A44656209,교동초등학교,135
A44656211,교동초등학교,0
A44677102,교동초등학교,216
A44677103,교동초등학교,56
A44677104,구성초등학교,15
A44677208,교동초등학교,147
A44691203,교동초등학교,372
A44693605,마북초등학교,0
A44693706,마북초등학교,21
A44693813,마북초등학교,14
A44657504,청덕초등학교,23
A44657505,청덕초등학교,75
A44657506,청덕초등학교,240
A44657507,청덕초등학교,126
A44691501,청덕초등학교,304
A44691502,청덕초등학교,232
A44691504,청덕초등학교,259
A44691505,청덕초등학교,329
A44691506,청덕초등학교,3
A44672003,용인백현초등학교,82
A44672016,용인백현초등학교,1
A44672102,동백초등학교,212
A44672104,용인백현초등학교,61
A44672214,동막초등학교,24
A44672805,동백초등학교,58
A44674410,동막초등학교,3
A44674515,용인백현초등학교,43
A44674712,동백초등학교,48
A44674813,용인백현초등학교,24
A44674909,용인백현초등학교,68
A44679510,동백초등학교,20
A44691101,동막초등학교,98
A44691106,동막초등학교,212
A44691107,어정초등학교,231
A44691108,동백초등학교,102
A44691111,어정초등학교,393
A44691117,동막초등학교,60
A44691118,용인백현초등학교,209
A10025674,중일초등학교,128
A44657406,어정초등학교,213
A44670701,중일초등학교,286
A44671707,석성초등학교,13
A44671805,초당초등학교,28
A44671816,초당초등학교,185
A44674613,동백초등학교,298
A44675001,석성초등학교,1
A44675112,초당초등학교,56
A44675301,중일초등학교,23
A44675303,어정초등학교,53
A44675304,초당초등학교,56
A44675411,석성초등학교,131
A44679103,동백초등학교,220
A44691604,어정초등학교,58
A44691608,석성초등학교,248
A44691609,석성초등학교,202
A44691615,동백초등학교,27
A44656806,지석초등학교,1
A44658108,갈곡초등학교,380
A44671901,갈곡초등학교,29
A44671902,지석초등학교,52
A44677402,상하초등학교,79
A44677505,지석초등학교,168
A44691407,상하초등학교,150
A44691704,상하초등학교,0
A44694209,상하초등학교,0
A44656506,이현초등학교,126
A44656607,보정초등학교,15
A44656712,독정초등학교,19
A44677015,보정초등학교,20
A44677016,보정초등학교,235
A44677017,마북초등학교,110
A44679308,마북초등학교,161
A44691301,독정초등학교,378
A44691302,보정초등학교,272
A44691303,독정초등학교,2
A44691304,보정초등학교,297
A44693909,마북초등학교,1
A44694013,보정초등학교,82
A44697610,독정초등학교,334
A10026839,수지초등학교,12
A10027717,풍덕초등학교,228
A44817001,풍덕초등학교,201
A44817003,풍천초등학교,4
A44817004,풍천초등학교,77
A44817101,토월초등학교,362
A44855001,수지초등학교,243
A44855005,수지초등학교,103
A44875603,정평초등학교,150
A44875904,토월초등학교,397
A44876107,토월초등학교,56
A44876205,토월초등학교,92
A44876303,토월초등학교,89
A44876411,풍덕초등학교,8
A44876510,풍덕초등학교,0
A44876702,토월초등학교,112
A44876808,토월초등학교,0
A44878309,토월초등학교,118
A44878406,풍덕초등학교,183
A44878510,풍천초등학교,0
A44897804,정평초등학교,36
A44898708,신월초등학교,36
A44898902,정평초등학교,26
A44899006,정평초등학교,0
A44899101,정평초등학교,108
A44899102,정평초등학교,83
A44899103,수지초등학교,10
A44899104,풍천초등학교,344
A44899105,수지초등학교,0
A44899106,정평초등학교,203
A44899209,신월초등학교,176
A44899307,신월초등학교,6
A10023161,대현초등학교,94
A10024338,용인대일초등학교,350
A10026141,대현초등학교,1
A10026791,현암초등학교,11
A44816001,죽전초등학교,79
A44816003,죽전초등학교,29
A44816006,용인대일초등학교,63
A44816007,대지초등학교,204
A44816008,용인신촌초등학교,105
A44816009,용인대일초등학교,132
A44816010,용인대일초등학교,42
A44816012,현암초등학교,38
A44816014,용인대일초등학교,30
A44816015,죽전초등학교,188
A44816016,대청초등학교,132
A44816017,대지초등학교,0
A44816019,현암초등학교,92
A44816020,용인신촌초등학교,45
A44816021,용인신촌초등학교,5
A44816101,대청초등학교,61
A44816104,현암초등학교,125
A44816108,용인대일초등학교,186
A44853819,대청초등학교,20
A44854016,현암초등학교,58
A44854110,용인신촌초등학교,15
A44854211,용인대일초등학교,81
A44854215,현암초등학교,241
A44854309,대지초등학교,10
A44854505,용인신촌초등학교,109
A44854601,대현초등학교,288
A44854807,죽전초등학교,9
A44875107,대지초등학교,183
A44875411,죽전초등학교,370
A44875506,대현초등학교,99
A44875508,대현초등학교,1
A44875509,대현초등학교,223
A44875510,대현초등학교,99
A44876902,죽전초등학교,3
A44876904,죽전초등학교,79
A44879317,용인신촌초등학교,51
A44879606,대지초등학교,166
A44895021,대지초등학교,11
A44897114,대지초등학교,164
A44897120,용인대덕초등학교,40
A44897218,용인신촌초등학교,105
A44897402,용인신촌초등학교,369
A44898312,용인신촌초등학교,40
A44898513,현암초등학교,23
A10024930,풍덕초등학교,245
A10025376,풍덕초등학교,375
A10026122,용인한빛초등학교,271
A44812002,동천초등학교,336
A44812004,손곡초등학교,273
A44812009,손곡초등학교,12
A44812014,동천초등학교,274
A44851004,용인한빛초등학교,0
A44851005,용인한빛초등학교,71
A44851006,용인한빛초등학교,23
A44851007,용인한빛초등학교,26
A44851111,손곡초등학교,290
A44851113,손곡초등학교,70
A44851206,손곡초등학교,23
A44851210,손곡초등학교,20
A44851412,손곡초등학교,0
A44874401,손곡초등학교,109
A44874405,손곡초등학교,234
A10023742,용인신봉초등학교,246
A10025673,용인신봉초등학교,72
A44815004,성복초등학교,79
A44815007,신일초등학교,243
A44815008,신일초등학교,243
A44815010,신일초등학교,7
A44815011,홍천초등학교,0
A44853503,신리초등학교,41
A44853509,신리초등학교,72
A44853601,신리초등학교,156
A44853602,신리초등학교,151
A44853605,신리초등학교,0
A44853606,용인신봉초등학교,87
A44853607,용인신봉초등학교,259
A44853608,용인신봉초등학교,191
A44853609,용인신봉초등학교,160
A44853610,용인신봉초등학교,0
A10024775,매봉초등학교,4
A10025412,수지초등학교,245
A10025987,효자초등학교,239
A44814002,효자초등학교,53
A44853005,효자초등학교,23
A44853108,성복초등학교,172
A44853206,효자초등학교,84
A44898007,성복초등학교,11
A44898103,매봉초등학교,204
A44898202,성복초등학교,114
A44898203,효자초등학교,326
A44898204,성서초등학교,54
A44898205,효자초등학교,1
A44898206,성서초등학교,0
A44898208,성서초등학교,40
A44898209,효자초등학교,92
A44898210,성서초등학교,276
A44898211,성서초등학교,230
A10021526,상현초등학교,395
A10024390,서원초등학교,267
A10026428,매봉초등학교,287
A10026933,솔개초등학교,245
A10027047,이현초등학교,266
A44813001,용인심곡초등학교,0
A44813002,용인심곡초등학교,57
A44813003,상현초등학교,0
A44813004,서원초등학교,0
A44813005,용인심곡초등학교,0
A44813006,용인심곡초등학교,13
A44813009,용인심곡초등학교,7
A44813010,새빛초등학교,89
A44813011,새빛초등학교,49
A44813012,새빛초등학교,312
A44813013,새빛초등학교,189
A44813014,서원초등학교,121
A44851501,서원초등학교,199
A44851503,솔개초등학교,0
A44851508,서원초등학교,21
A44851509,솔개초등학교,20
A44851510,매봉초등학교,6
A44851511,새빛초등학교,68
A44851512,서원초등학교,24
A44851604,솔개초등학교,229
A44851609,솔개초등학교,83
A44851610,솔개초등학교,24
A44851611,이현초등학교,105
A44851612,소현초등학교,118
A44851707,이현초등학교,112
A44851802,서원초등학교,0
A44851805,솔개초등학교,254
A44851913,서원초등학교,153
A44852108,상현초등학교,194
A44852214,서원초등학교,0
A44852301,상현초등학교,132
A44852403,상현초등학교,53
A44852511,서원초등학교,263
A44852602,상현초등학교,18
A44852804,매봉초등학교,216
A44872712,솔개초등학교,0
A44874606,상현초등학교,392
A10021661,금신초등학교,345
A10021906,금신초등학교,133
A10023960,금촌초등학교,343
A41301001,금신초등학교,187
A41301004,금릉초등학교,220
A41301005,금릉초등학교,161
A41301006,금화초등학교,23
A41301008,금릉초등학교,157
A41301011,금신초등학교,250
A41301012,새금초등학교,107
A41301013,금릉초등학교,164
A41301017,금화초등학교,0
A41301019,금화초등학교,89
A41301020,금신초등학교,220
A41370504,새금초등학교,0
A41370505,금화초등학교,67
A41370506,새금초등학교,108
A41370507,금화초등학교,87
A41370508,금릉초등학교,1
A41380305,금신초등학교,330
A41382602,금화초등학교,49
A41382603,금향초등학교,0
A41380309,파주송화초등학교,7
A10026308,와석초등학교,86
A10026676,와석초등학교,240
A41383121,한빛초등학교,0
A41383124,한빛초등학교,0
A41383140,운정초등학교,16
A41383141,운정초등학교,273
A41383142,운정초등학교,0
A41383144,한빛초등학교,232
A41383514,와석초등학교,0
A41383212,청석초등학교,18
A41383216,청석초등학교,0
A10023783,초롱초등학교,335
A10024716,동패초등학교,0
A41378703,석곶초등학교,17
A41383125,운광초등학교,40
A41383129,운광초등학교,151
A41383133,운광초등학교,0
A41383138,운광초등학교,0
A41383139,운광초등학교,50
A41383301,석곶초등학교,102
A41383304,석곶초등학교,375
A41383305,문발초등학교,315
A41383307,두일초등학교,343
A41383309,석곶초등학교,205
A41383311,석곶초등학교,0
A41383317,동패초등학교,138
A41383122,문발초등학교,186
A41383123,문발초등학교,1
A41383202,문발초등학교,156
A10025022,청암초등학교,250
A10026136,산내초등학교,171
A10026149,산내초등학교,1
A10026541,산들초등학교,16
A10026683,산들초등학교,243
A41311001,가온초등학교,23
A41311002,산들초등학교,0
A41383128,가온초등학교,116
A41383130,해솔초등학교,78
A41383136,해솔초등학교,114
A41383146,청암초등학교,46
A41383213,청암초등학교,0
A41383306,산내초등학교,169
A41383318,해솔초등학교,34
A41383319,해솔초등학교,37
A41319001,지산초등학교,218
A41319002,가온초등학교,74
A41383126,한가람초등학교,0
A41383131,한가람초등학교,22
A41383132,파주와동초등학교,43
A41383134,파주와동초등학교,41
A41383135,파주와동초등학교,212
A41383137,지산초등학교,145
A41383143,한가람초등학교,84
A41383145,지산초등학교,33
A41383310,한가람초등학교,25
A41383315,파주와동초등학교,35
A41390102,문산초등학교,202
A41390104,임진초등학교,24
A41390105,임진초등학교,53
A41390115,임진초등학교,8
A41390402,임진초등학교,38
A41390404,임진초등학교,255
A41390409,문산초등학교,142
A10021398,문산초등학교,221
A41390106,자유초등학교,0
A41390108,자유초등학교,0
A41390113,문산초등학교,265
A41390114,문산초등학교,255
A41390207,문산초등학교,58
A41390214,문산초등학교,61
A10021447,자유초등학교,261
A41390109,문산동초등학교,1
A41390110,문산동초등학교,376
A41390111,문산동초등학교,252
A41390203,문산동초등학교,396
A41390615,문산동초등학교,48
A41386102,파주초등학교,380
A41386101,연풍초등학교,54
A10025155,천현초등학교,113
A10021602,봉일천초등학교,218
A10021984,봉일천초등학교,206
A10027374,봉일천초등학교,297
A41382101,봉일천초등학교,197
A41382301,봉일천초등학교,366
A41382302,봉일천초등학교,268
A41382303,봉일천초등학교,150
A41382304,봉일천초등학교,365
A41373807,파주대원초등학교,18
A41385401,신산초등학교,123
A10021703,이천초등학교,101
A10023946,설봉초등학교,57
A46772601,설봉초등학교,139
A46780702,설봉초등학교,330
A46771401,이천남초등학교,157
A10023654,안흥초등학교,394
A46705001,안흥초등학교,238
A46771202,안흥초등학교,168
A46771203,안흥초등학교,256
A46707001,설봉초등학교,30
A46707002,한내초등학교,227
A46707005,설봉초등학교,184
A46707006,안흥초등학교,146
A46707007,안흥초등학교,41
A46770203,한내초등학교,70
A46770204,안흥초등학교,18
A46770205,설봉초등학교,73
A10024842,증포초등학교,30
A10027156,한내초등학교,119
A10027400,설봉초등학교,294
A46771803,증포초등학교,50
A46771809,증포초등학교,117
A46771810,증포초등학교,218
A46771811,설봉초등학교,0
A46771906,증포초등학교,128
A46772004,증포초등학교,126
A46772307,증포초등학교,168
A46772508,한내초등학교,210
A46780202,증포초등학교,129
A46780301,증포초등학교,115
A10024230,이천송정초등학교,375
A46704002,이천송정초등학교,59
A46704003,이천초등학교,383
A46774005,이천송정초등학교,277
A46774107,이천송정초등학교,100
A46774704,이천송정초등학교,80
A46774806,이천송정초등학교,370
A46773301,부발초등학교,196
A46774210,신하초등학교,81
A46777309,신하초등학교,97
A46786302,신하초등학교,163
A46786806,신하초등학교,41
A10028179,아미초등학교,394
A46773304,아미초등학교,192
A46773305,아미초등학교,161
A46774312,아미초등학교,0
A46779111,이천가산초등학교,74
A46779113,이천가산초등학교,145
A10025353,마장초등학교,14
A46785505,이천사동초등학교,226
A45670801,안성초등학교,164
A10024022,내혜홀초등학교,143
A45631001,안성초등학교,101
A45670302,안성초등학교,296
A45670403,안성초등학교,386
A10024101,백성초등학교,393
A10024929,내혜홀초등학교,124
A45624002,내혜홀초등학교,378
A10024580,백성초등학교,383
A45670902,내혜홀초등학교,7
A45671001,내혜홀초등학교,259
A10026077,백성초등학교,34
A10025837,비룡초등학교,170
A45670503,비룡초등학교,328
A45670504,비룡초등학교,56
A45676402,비룡초등학교,0
A45676701,비룡초등학교,182
A45638001,비룡초등학교,388
A10025488,문기초등학교,46
A10026069,공도초등학교,18
A45671419,용머리초등학교,10
A45671616,용머리초등학교,349
A10024516,공도초등학교,314
A45672206,만정초등학교,357
A45682101,만정초등학교,0
A45682305,만정초등학교,18
A45682307,만정초등학교,256
A45682309,만정초등학교,8
A45682310,만정초등학교,296
A10025517,양진초등학교,156
A45671317,양진초등학교,106
A45671518,양진초등학교,36
A45672408,양진초등학교,334
A45672511,양진초등학교,204
A45672613,양진초등학교,248
A45683103,광덕초등학교,323
A10027618,어울초등학교,12
A10021104,김포초등학교,19
A10021336,김포초등학교,88
A10021460,김포초등학교,288
A41503002,금파초등학교,206
A41503003,금파초등학교,136
A41503004,금파초등학교,12
A41503005,금파초등학교,0
A41503007,김포서초등학교,1
A41503008,금파초등학교,140
A41503009,금파초등학교,136
A41503010,김포서초등학교,72
A41571206,금파초등학교,0
A41502001,걸포초등학교,37
A41502002,걸포초등학교,178
A41502003,걸포초등학교,192
A10025865,운양초등학교,231
A10026216,운양초등학교,134
A10026503,하늘빛초등학교,382
A10026555,청수초등학교,31
A10026608,청수초등학교,338
A10027631,청수초등학교,162
A41506005,운양초등학교,19
A41506009,운양초등학교,260
A41574203,운양초등학교,0
A41574205,청수초등학교,0
A41574206,청수초등학교,162
A41574207,청수초등학교,28
A41574414,고창초등학교,307
A10025059,푸른솔초등학교,192
A41506001,장기초등학교,33
A41506003,장기초등학교,29
A41506004,장기초등학교,61
A41506006,장기초등학교,6
A41506007,장기초등학교,175
A41506008,푸른솔초등학교,330
A41506013,푸른솔초등학교,289
A41506017,장기초등학교,164
A41574401,장기초등학교,41
A41574402,장기초등학교,66
A41574403,푸른솔초등학교,119
A41574404,가현초등학교,1
A41574406,고창초등학교,216
A41574407,가현초등학교,20
A41574408,운유초등학교,152
A41574409,푸른솔초등학교,4
A41574410,운유초등학교,28
A41574411,푸른솔초등학교,55
A41574412,가현초등학교,173
A41574413,운유초등학교,0
A41574416,푸른솔초등학교,96
A41501001,김포서초등학교,224
A41501004,김포서초등학교,67
A41501005,감정초등학교,215
A41501006,김포서초등학교,22
A41501007,감정초등학교,113
A41501008,김포서초등학교,189
A41501009,김포서초등학교,249
A41501010,감정초등학교,277
A41570101,감정초등학교,0
A10026284,사우초등학교,39
A10027226,사우초등학교,204
A41580206,사우초등학교,313
A41580207,김포신풍초등학교,152
A41580208,사우초등학교,126
A41580209,사우초등학교,17
A41580211,사우초등학교,246
A41580302,사우초등학교,350
A10025733,양도초등학교,183
A10025734,유현초등학교,221
A10025738,유현초등학교,20
A10027488,김포신풍초등학교,361
A41507001,풍무초등학교,204
A41507003,유현초등학교,253
A41507004,양도초등학교,21
A41507005,양도초등학교,257
A41507006,양도초등학교,130
A41507008,유현초등학교,91
A41507009,풍무초등학교,17
A41507010,유현초등학교,0
A41507011,양도초등학교,29
A41580802,풍무초등학교,15
A41580803,풍무초등학교,15
A41580804,양도초등학교,120
A41580805,유현초등학교,181
A10024478,은여울초등학교,170
A10024486,김포구래초등학교,310
A10026098,은여울초등학교,22
A10026763,솔터초등학교,263
A10026773,김포구래초등학교,272
A10027062,은여울초등학교,0
A41576912,솔터초등학교,10
A41576914,은여울초등학교,14
A41576916,솔터초등학교,31
A41590101,은여울초등학교,18
A47172601,솔터초등학교,31
A10024419,솔터초등학교,366
A10024790,김포한가람초등학교,1
A10025866,솔터초등학교,347
A10025919,나비초등학교,39
A10025936,김포호수초등학교,201
A10026066,김포호수초등학교,68
A10026155,김포한가람초등학교,0
A10026448,김포호수초등학교,30
A10026458,김포한가람초등학교,219
A10026529,김포호수초등학교,307
A10026654,김포구래초등학교,24
A10027014,나비초등학교,53
A10027505,김포호수초등학교,9
A41576911,김포한가람초등학교,151
A41576913,김포구래초등학교,75
A41576915,김포호수초등학교,170
A41576917,김포호수초등학교,219
A41576918,나비초등학교,17
A10023628,마송초등학교,104
A10024257,마송초등학교,289
A10024271,마송중앙초등학교,15
A10024296,마송초등학교,73
A41576306,통진초등학교,25
A41576307,마송중앙초등학교,21
A41576308,마송중앙초등학교,0
A41586501,통진초등학교,125
A41586503,통진초등학교,20
A10024684,향산초등학교,320
A10024723,향산초등학교,320
A41577601,고촌초등학교,25
A41581105,고촌초등학교,102
A41581106,고촌초등학교,237
A41581201,신곡초등학교,361
A41581202,신곡초등학교,292
A41581203,고촌초등학교,131
A41581204,고촌초등학교,0
A41581207,고촌초등학교,14
A41581209,고촌초등학교,290
A41581210,신곡초등학교,30
A41581211,신곡초등학교,0
A10023768,신양초등학교,231
A10024969,신양초등학교,362
A10024971,신양초등학교,122
A10025008,양곡초등학교,275
A41576902,신양초등학교,120
A41576906,신양초등학교,62
A41576910,양곡초등학교,99
A41584501,신양초등학교,375
A41584503,양곡초등학교,57
A41576903,학운초등학교,284
A41576909,학운초등학교,63
A44539001,진안초등학교,285
A44539002,병점초등학교,216
A44571803,진안초등학교,280
A44571804,병점초등학교,145
A44576905,진안초등학교,14
A44577004,진안초등학교,162
A44597203,진안초등학교,0
A10023853,새봄초등학교,43
A10024349,새봄초등학교,20
A10027196,송화초등학교,7
A44536003,송화초등학교,24
A44536008,태안초등학교,25
A44536010,안화초등학교,46
A44536015,구봉초등학교,119
A44536019,안화초등학교,33
A44536022,화성벌말초등학교,31
A44576114,태안초등학교,15
A44576318,구봉초등학교,16
A44576616,안화초등학교,40
A44577417,구봉초등학교,79
A44577501,태안초등학교,114
A44577505,태안초등학교,114
A44577806,안화초등학교,244
A44577907,구봉초등학교,27
A44577909,안화초등학교,15
A44577911,화성벌말초등학교,122
A44577912,안화초등학교,45
A44577913,안화초등학교,41
A44577914,화성벌말초등학교,169
A44598521,송화초등학교,59
A44598711,화성벌말초등학교,188
A44598804,병점초등학교,369
A44598820,태안초등학교,131
A44598912,송화초등학교,237
A44598913,송화초등학교,104
A10026519,구봉초등학교,344
A44532002,한마음초등학교,263
A44532004,한마음초등학교,15
A44532005,능동초등학교,20
A44532006,한마음초등학교,362
A44532007,숲속초등학교,51
A44532009,능동초등학교,15
A44532011,푸른초등학교,14
A44532012,숲속초등학교,47
A44532013,푸른초등학교,17
A44532014,푸른초등학교,9
A44532015,한마음초등학교,22
A44532016,능동초등학교,139
A44578501,푸른초등학교,0
A44578502,능동초등학교,238
A44578503,한마음초등학교,9
A44578504,능동초등학교,9
A44578505,능동초등학교,27
A10025712,서경초등학교,162
A10026893,서경초등학교,26
A44572703,서경초등학교,103
A44577601,기산초등학교,72
A10023506,화성반월초등학교,240
A10027114,화성반월초등학교,20
A10027529,기산초등학교,342
A44533002,율목초등학교,19
A44533003,율목초등학교,281
A44573805,율목초등학교,2
A44578601,기산초등학교,0
A44598207,동학초등학교,11
A44598308,동학초등학교,19
A44598404,동학초등학교,57
A44598406,동학초등학교,19
A10023435,글빛초등학교,53
A10023451,글빛초등학교,39
A44577204,기안초등학교,175
A44577705,배양초등학교,54
A44578005,화산초등학교,161
A44599304,안녕초등학교,239
A44599305,화산초등학교,152
A10026696,안녕초등학교,207
A44599403,안녕초등학교,45
A44599504,새봄초등학교,269
A44516002,화성금곡초등학교,204
A44516003,화성금곡초등학교,84
A44516005,화성금곡초등학교,73
A44516006,화성금곡초등학교,56
A44516007,석우초등학교,9
A44516011,화성금곡초등학교,10
A44516012,솔빛초등학교,10
A44516013,반석초등학교,19
A44516014,반석초등학교,10
A44516016,석우초등학교,123
A44516020,솔빛초등학교,34
A44516022,반송초등학교,36
A44572517,석우초등학교,126
A44572804,석우초등학교,0
A44572910,솔빛초등학교,0
A44573019,반석초등학교,52
A44573518,반송초등학교,5
A44573609,반석초등학교,0
A44573621,학동초등학교,94
A44575301,화성금곡초등학교,47
A44575307,학동초등학교,147
A44575815,화성금곡초등학교,75
A44579008,학동초등학교,0
A44517001,예당초등학교,23
A44517002,예당초등학교,99
A44517003,예당초등학교,0
A44517004,예원초등학교,0
A10024076,여울초등학교,293
A10024290,여울초등학교,49
A10025005,여울초등학교,42
A10025771,치동초등학교,227
A10025962,치동초등학교,318
A10026008,화성청계초등학교,369
A10026774,치동초등학교,177
A10026805,여울초등학교,19
A10027133,동탄초등학교,205
A10027257,동탄초등학교,249
A44571702,동탄초등학교,0
A10026355,동탄중앙초등학교,58
A10026909,아인초등학교,20
A10027117,예솔초등학교,51
A10027334,무봉초등학교,34
A10027646,청목초등학교,23
A10027729,화성청계초등학교,16
A10028048,동탄중앙초등학교,19
A10028171,아인초등학교,25
A10026464,한백초등학교,370
A10026740,영천초등학교,10
A10026888,영천초등학교,236
A10027122,한백초등학교,18
A10027606,한백초등학교,0
A10027806,무봉초등학교,153
A10028132,다원초등학교,179
A44581301,다원초등학교,116
A10024592,세정초등학교,250
A10024732,세정초등학교,21
A10024841,세정초등학교,210
A10025680,청림초등학교,20
A10025798,정현초등학교,285
A10025868,정현초등학교,20
A10025885,정현초등학교,215
A10025900,정현초등학교,280
A10026127,세정초등학교,32
A10024091,화남초등학교,37
A10024111,호연초등학교,21
A10024525,화남초등학교,20
A10025020,호연초등학교,17
A10025312,이솔초등학교,14
A10025552,호연초등학교,52
A10026103,이솔초등학교,0
A10026587,서연초등학교,201
A10025093,방교초등학교,144
A10027281,방교초등학교,20
A10027291,방교초등학교,161
A10024147,새솔초등학교,268
A10024167,새솔초등학교,268
A10025264,새솔초등학교,374
A10025272,새솔초등학교,0
A10025305,새솔초등학교,23
A10025384,송린초등학교,76
A10026203,새솔초등학교,52
A10026352,송린초등학교,22
A10026527,송린초등학교,0
A10023747,봉담초등학교,234
A10024348,봉담초등학교,367
A10026506,봉담초등학교,195
A44589105,상봉초등학교,20
A10024281,수현초등학교,0
A10024663,수현초등학교,43
A10026952,수영초등학교,16
A10027565,수영초등학교,39
A44574718,봉담초등학교,92
A44589606,수영초등학교,23
A44589616,수영초등학교,1
A10027952,상봉초등학교,354
A44573114,상봉초등학교,342
A44589125,상봉초등학교,58
A44589127,상봉초등학교,304
A44589315,상봉초등학교,11
A44589319,동화초등학교,30
A10025432,효행초등학교,0
A10027161,효행초등학교,138
A44572617,효행초등학교,353
A44589124,효행초등학교,187
A44589128,효행초등학교,103
A44589701,와우초등학교,347
A44589721,와우초등학교,355
A44589204,갈담초등학교,4
A44571302,석천초등학교,370
A44575111,제암초등학교,1
A44592312,제암초등학교,20
A10026751,상신초등학교,61
A10026793,상신초등학교,40
A10024899,하길초등학교,247
A10025975,하길초등학교,204
A10026055,하길초등학교,9
A10027427,하길초등학교,30
A10027964,화원초등학교,371
A44592109,화원초등학교,9
A44592004,행정초등학교,0
A44592006,한울초등학교,8
A44592008,도이초등학교,140
A44592102,한울초등학교,92
A44592103,도이초등학교,1
A44592104,한울초등학교,86
A44592105,한울초등학교,48
A44592106,한울초등학교,91
A44592602,행정초등학교,20
A44592603,행정초등학교,82
A44592605,한울초등학교,0
A44592607,도이초등학교,70
A44592609,행정초등학교,226
A44592610,행정초등학교,347
A44592613,도이초등학교,20
A10025476,동양초등학교,174
A10026549,대양초등학교,16
A10026807,대양초등학교,22
A44501001,대양초등학교,197
A10023609,신남초등학교,233
A10023614,신남초등학교,4
A10023615,신남초등학교,86
A44508002,대양초등학교,274
A44584201,비봉초등학교,191
A10020926,송산초등학교,61
A10023961,광주초등학교,146
A46480202,경안초등학교,220
A46480204,경안초등학교,141
A46480303,경안초등학교,358
A10026301,광주푸른초등학교,5
A10026652,쌍령초등학교,390
A46413004,쌍령초등학교,1
A46470203,쌍령초등학교,166
A46471301,쌍령초등학교,179
A46471302,광주푸른초등학교,322
A46472602,쌍령초등학교,6
A46471702,광주송정초등학교,373
A46470601,탄벌초등학교,280
A46470804,탄벌초등학교,164
A46472101,벌원초등학교,27
A46472102,벌원초등학교,22
A10024659,한아람초등학교,286
A10024830,태전초등학교,314
A10025854,한아람초등학교,1
A10026088,태성초등학교,85
A10026552,한아람초등학교,147
A46470301,광남초등학교,165
A46470302,태성초등학교,25
A46470408,태전초등학교,6
A46470506,태전초등학교,171
A46471205,태전초등학교,242
A46472307,태전초등학교,0
A46480502,한아람초등학교,74
A10021673,광남초등학교,239
A10023851,광남초등학교,298
A46470701,광남초등학교,184
A10023363,역동초등학교,109
A10027310,역동초등학교,58
A10027323,역동초등학교,0
A10027326,역동초등학교,126
A46471002,고산하늘초등학교,291
A46474717,고산하늘초등학교,21
A10027251,신현초등학교,158
A10027321,신현초등학교,114
A46474718,신현초등학교,9
A46474719,신현초등학교,105
A10021923,광주광명초등학교,286
A46471911,능원초등학교,265
A46492201,능평초등학교,82
A10025169,오포초등학교,195
A10026329,양벌초등학교,82
A46471412,양벌초등학교,175
A46472509,광주매곡초등학교,104
A46472810,광주매곡초등학교,202
A46474006,양벌초등학교,83
A46474015,양벌초등학교,181
A46476307,도곡초등학교,27
A46476308,도곡초등학교,137
A46478806,쌍동초등학교,281
A46486113,쌍동초등학교,21
A46474304,광주도평초등학교,185
A46476001,광주도평초등학교,178
A46476014,광주도평초등학교,45
A46486309,광주도평초등학교,6
A46475602,곤지암초등학교,222
A46475603,곤지암초등학교,349
A46404002,삼리초등학교,212
A46404003,삼리초등학교,1
A48272301,광사초등학교,231
A48272302,광사초등학교,315
A48272303,광사초등학교,315
A48208001,만송초등학교,147
A48208002,만송초등학교,30
A48208003,만송초등학교,197
A48208004,만송초등학교,25
A48208005,만송초등학교,9
A48208006,만송초등학교,138
A48211006,광숭초등학교,46
A48272508,삼숭초등학교,67
A48272604,삼숭초등학교,197
A48272707,삼숭초등학교,163
A48272809,삼숭초등학교,19
A48272905,광숭초등학교,97
A48273103,광숭초등학교,94
A48202002,양주덕현초등학교,260
A48272101,양주덕현초등학교,236
A48272103,양주덕현초등학교,121
A48272104,양주덕현초등학교,7
A48272105,양주덕현초등학교,207
A48272106,양주덕현초등학교,242
A10026389,덕정초등학교,340
A48079901,덕정초등학교,384
A48079902,덕정초등학교,139
A48079903,덕정초등학교,118
A48206002,고암초등학교,300
A48270703,칠봉초등학교,27
A48271005,회천초등학교,20
A48271106,고암초등학교,7
A10023519,천보초등학교,344
A10023541,연푸른초등학교,201
A10023789,옥정초등학교,283
A10023794,옥정초등학교,173
A10024385,율정초등학교,15
A10024848,옥빛초등학교,162
A10024948,율빛초등학교,76
A10024956,율빛초등학교,22
A10025028,율빛초등학교,361
A10025608,연푸른초등학교,18
A10025819,율빛초등학교,218
A10025844,율빛초등학교,0
A10026075,율정초등학교,213
A10026259,옥빛초등학교,15
A10026829,옥정초등학교,50
A10026963,옥빛초등학교,202
A10026991,율정초등학교,210
A10027239,옥정초등학교,0
A48283902,율정초등학교,16
A10024647,주원초등학교,18
A48270804,칠봉초등학교,1
A48270805,주원초등학교,0
A48270807,주원초등학교,231
A48270808,주원초등학교,170
A48271203,회천초등학교,15
A48273901,주원초등학교,32
A10023477,도둔초등학교,327
A10023483,양주덕산초등학교,243
A48205007,양주덕산초등학교,44
A48270102,양주덕산초등학교,317
A48270410,양주덕산초등학교,21
A48270504,덕계초등학교,276
A48271912,도둔초등학교,0
A48273713,덕계초등학교,228
A48217001,회정초등학교,212
A48217002,회정초등학교,136
A48283506,양주백석초등학교,261
A10021211,신지초등학교,278
A48283105,은봉초등학교,241
A48283107,신지초등학교,183
A48283108,신지초등학교,211
A48283111,은봉초등학교,115
A48283113,신지초등학교,383
A48283115,은봉초등학교,0
A48293901,은봉초등학교,1
A48283116,은봉초등학교,117
A48293810,은봉초등학교,25
A10026955,가납초등학교,54
A10022167,송추초등학교,274
A48281201,송추초등학교,252
A10021388,포천초등학교,315
A48770307,포천초등학교,136
A48770603,포천초등학교,322
A48771901,포천초등학교,343
A48772202,포천초등학교,258
A48780505,포천초등학교,337
A10026393,송우초등학교,339
A48771402,추산초등학교,292
A48782101,추산초등학교,0
A48782301,송우초등학교,225
A48782304,추산초등학교,114
A48782305,송우초등학교,221
A48782306,태봉초등학교,239
A48782308,추산초등학교,0
A48782310,태봉초등학교,0
A48782311,신봉초등학교,0
A48782312,신봉초등학교,140
A48782403,송우초등학교,91
A48785101,일동초등학교,243
A10023660,세종초등학교,199
A10023945,세종초등학교,59
A46980109,세종초등학교,322
A46980112,세종초등학교,2
A46980116,세종초등학교,389
A46972210,연라초등학교,396
A10021130,점봉초등학교,288
A46980117,점봉초등학교,328
A46980122,오학초등학교,346
A46985513,오학초등학교,177
A48690302,전곡초등학교,7
A48690303,전곡초등학교,74
A48690501,전곡초등학교,371
A10020787,백의초등학교,88
A10023612,가평초등학교,309
A10024025,가평초등학교,46
A47781501,청평초등학교,339
A47781502,청평초등학교,390
A47781503,청평초등학교,263
A10021801,양평초등학교,95
A10022492,양평초등학교,13
A47680110,양평초등학교,280
A47680202,양평초등학교,18
A47680204,양평초등학교,389
A10027276,다문초등학교,75
A10020255,서울한천초등학교,280
A10020303,서울신중초등학교,293
A10020308,서울천동초등학교,379
A10020244,수원매화초등학교,209
A10027708,서울독립문초등학교,85
A10025456,서울신당초등학교,34
A10025533,서울금양초등학교,115
A10027908,서울신용산초등학교,309
A10025192,서울한남초등학교,120
A10025685,서울행당초등학교,49
A13071302,서울전농초등학교,69
A10025754,서울답십리초등학교,183
A10026104,서울신답초등학교,224
A10026232,서울전농초등학교,5
A10025227,서울장평초등학교,151
A10027189,서울동신초등학교,33
A13677401,서울동신초등학교,1
A13678401,서울월곡초등학교,9
A10024488,서울장곡초등학교,45
A13203002,서울쌍문초등학교,16
A10025097,서울연지초등학교,249
A10025133,서울신상계초등학교,90
A10025846,서울어울초등학교,15
A10025683,서울응암초등학교,266
A10026414,서울은빛초등학교,266
A10027851,서울북성초등학교,2
A12078201,서울안산초등학교,364
A10024938,서울연가초등학교,183
A10025130,서울연가초등학교,44
A12012201,서울연가초등학교,20
A10024347,서울한서초등학교,10
A10026036,서울용강초등학교,248
A10025729,서울은정초등학교,118
A10024436,서울염창초등학교,189
A10025600,서울염창초등학교,330
A15701007,서울우장초등학교,276
A15721006,서울공항초등학교,2
A15721009,서울송화초등학교,117
A10024505,서울방화초등학교,170
A10028063,서울신도림초등학교,352
A10021128,서울하늘숲초등학교,11
A10027764,서울천왕초등학교,199
A15213001,서울천왕초등학교,215
A15213002,서울천왕초등학교,307
A15213004,서울천왕초등학교,0
A15213005,서울하늘숲초등학교,44
A15213006,서울천왕초등학교,378
A10025527,서울항동초등학교,201
A15370103,서울문백초등학교,0
A10024567,서울영중초등학교,82
A10026816,서울영중초등학교,131
A15076702,서울영등포초등학교,122
A10024495,서울영문초등학교,109
A10024470,서울대방초등학교,347
A10024615,서울대영초등학교,348
A10025024,서울대영초등학교,16
A10025562,서울대영초등학교,122
A10027424,서울영화초등학교,256
A10025770,서울흑석초등학교,154
A10025428,서울관악초등학교,315
A15181602,서울인헌초등학교,35
A10024942,서울방일초등학교,6
A10024552,서울서이초등학교,20
A10026941,서울서초초등학교,201
A10028146,서울서초초등학교,328
A10028021,서울언남초등학교,26
A13718001,서울언남초등학교,0
A10028046,서울언남초등학교,272
A13716002,서울언남초등학교,287
A13716003,서울언남초등학교,55
A10023825,서울도성초등학교,192
A10027474,서울도성초등학교,325
A10025203,서울개포초등학교,34
A10024131,서울언북초등학교,243
A10027800,서울대치초등학교,331
A13501006,서울학동초등학교,134
A13520001,서울율현초등학교,0
A13520002,서울율현초등학교,205
A10027909,서울율현초등학교,338
A10024216,서울일원초등학교,22
A10024258,서울일원초등학교,100
A10025823,서울일원초등학교,105
A13527019,서울언주초등학교,16
A13585404,서울대도초등학교,256
A10025185,서울풍성초등학교,0
A10025850,서울가락초등학교,0
A10027461,서울위례별초등학교,137
A10025263,서울강덕초등학교,12
A10027207,서울묘곡초등학교,98
A10024473,서울고일초등학교,0
A10025112,서울고일초등학교,131
A10027354,서울성일초등학교,117
A10025246,인천별빛초등학교,20
A40104004,인천서흥초등학교,210
A10026406,인천서화초등학교,225
A10025531,인천새봄초등학교,48
A10025586,인천새봄초등학교,192
A10025594,인천새봄초등학교,61
A10026613,인천동춘초등학교,151
A10028024,인천만월초등학교,2
A10028029,인천성리초등학교,1
A40576903,인천한빛초등학교,23
A10024519,인천동수초등학교,154
A10024310,인천상정초등학교,17
A40313003,인천백운초등학교,261
A10023987,인천산곡초등학교,264
A40383501,인천부곡초등학교,395
A10024609,인천청천초등학교,387
A10024168,인천부개서초등학교,332
A10024507,인천부내초등학교,380
A10024613,인천성지초등학교,10
A10024363,인천서운초등학교,57
A10023430,인천봉수초등학교,8
A10026092,인천능내초등학교,189
A40473123,인천능내초등학교,207
A10023931,인천해든초등학교,95
A10023780,인천한별초등학교,1
A10023785,인천이음초등학교,317
A10024234,인천이음초등학교,67
A10026685,인천금곡초등학교,185
A40473609,인천단봉초등학교,192
A40473610,인천단봉초등학교,202
A40473611,인천단봉초등학교,196
A40427003,인천불로초등학교,4
A10026691,율전초등학교,166
A44174609,수원중촌초등학교,18
A44170805,능실초등학교,153
A44170806,능실초등학교,15
A44170808,능실초등학교,287
A10024429,수원초등학교,34
A10027563,대선초등학교,51
A10026003,성남서초등학교,174
A10027692,위례푸른초등학교,29
A10026737,성수초등학교,186
A10025076,동암초등학교,117
A10023981,솔뫼초등학교,58
A10024807,훈민초등학교,316
A10025045,명학초등학교,298
A10027847,연현초등학교,382
A10021751,삼봉초등학교,0
A10023826,안양동초등학교,1
A10023993,안양동초등학교,175
A10024077,안양중앙초등학교,53
A43175110,호계초등학교,55
A10026427,장당초등학교,161
A10025266,동삭초등학교,242
A10026050,평택서재초등학교,6
A10026059,평택서재초등학교,16
A10026324,세아초등학교,26
A10025439,평택대동초등학교,351
A10025440,평택대동초등학교,2
A10025963,고잔초등학교,7
A10024880,덕인초등학교,7
A10025458,관산초등학교,188
A10023986,선일초등학교,20
A10023591,지효초등학교,84
A10023595,지효초등학교,175
A10024952,지축초등학교,208
A10023438,덕은한강초등학교,37
A10023448,덕은한강초등학교,285
A10023495,덕은한강초등학교,264
A10023512,덕은한강초등학교,23
A10023557,덕은한강초등학교,229
A10023713,덕은한강초등학교,50
A10025416,향동숲내초등학교,0
A10024545,원중초등학교,251
A10023570,과천갈현초등학교,32
A10023998,과천율목초등학교,35
A10024002,과천갈현초등학교,296
A10024935,과천초등학교,298
A10024059,청계초등학교,169
A47102003,도림초등학교,255
A10025354,평동초등학교,250
A10025435,다산한강초등학교,256
A10025830,다산새봄초등학교,215
A10026145,다산가람초등학교,51
A10026156,다산가람초등학교,272
A10026580,남양주다산초등학교,12
A10026600,남양주다산초등학교,200
A10027754,남양주양정초등학교,8
A10025756,은솔초등학교,62
A10025758,은솔초등학교,34
A10025762,은솔초등학교,26
A10025773,은솔초등학교,4
A10025195,다온초등학교,27
A10025478,오산원당초등학교,36
A44773005,원동초등학교,242
A10024845,금모래초등학교,324
A10025522,은빛초등학교,46
A10025618,웃터골초등학교,160
A10025841,은빛초등학교,44
A10024511,승지초등학교,379
A10024884,승지초등학교,357
A10024698,시흥가온초등학교,1
A10024742,시흥가온초등학교,119
A10024794,시흥장현초등학교,56
A10025301,시흥장현초등학교,1
A10023847,시흥가온초등학교,40
A10025761,의왕덕성초등학교,312
A10024983,백운호수초등학교,320
A10025188,인덕원초등학교,106
A46571302,동부초등학교,363
A10028143,미사강변초등학교,0
A10024292,신우초등학교,73
A10024471,신우초등학교,18
A10026328,용마초등학교,315
A10026189,남곡초등학교,5
A10026202,남곡초등학교,186
A10025933,용인한얼초등학교,88
A10026657,구갈초등학교,347
A10027209,어정초등학교,177
A10025555,풍덕초등학교,237
A10023868,손곡초등학교,254
A10025481,동천초등학교,70
A10026065,동천초등학교,61
A10023754,용인신봉초등학교,213
A10027893,용인신봉초등학교,209
A10024453,매봉초등학교,9
A10025299,상현초등학교,16
A46787803,신하초등학교,89
A10024540,마장초등학교,212
A10024739,마장초등학교,227
A10025281,마장초등학교,0
A10025177,마장초등학교,147
A10026285,백성초등학교,196
A10024689,김포나진초등학교,192
A10024755,김포나진초등학교,1
A10024763,김포나진초등학교,19
A10025549,걸포초등학교,18
A10027199,김포금빛초등학교,0
A10026165,김포신풍초등학교,25
A10027957,김포구래초등학교,15
A10026871,고촌초등학교,288
A41576901,신양초등학교,399
A10024218,화성청계초등학교,235
A10026132,동탄초등학교,20
A10027768,동탄중앙초등학교,176
A10027830,화성청계초등학교,19
A10027890,청목초등학교,83
A10027928,청목초등학교,9
A10027966,예솔초등학교,10
A10028002,무봉초등학교,16
A10028055,아인초등학교,259
A10028158,무봉초등학교,22
A10028167,아인초등학교,85
A10025360,늘봄초등학교,157
A10026074,다원초등학교,20
A10026518,늘봄초등학교,0
A10026957,치동초등학교,10
A10023459,화성신동초등학교,2
A10025603,한율초등학교,24
A10025622,한율초등학교,0
A10026087,한율초등학교,69
A10026985,왕배초등학교,23
A10026206,서연초등학교,229
A10026380,서연초등학교,378
A10026211,광남초등학교,193
A10023699,고산하늘초등학교,40
A10024731,쌍동초등학교,170
A10024452,태봉초등학교,132
A10023918,양평초등학교,166
